Code,Area,Year,Income,Net additions,Persons per dwelling,Rent,Waiting_list,Income/Rent ratio
E09000001,City of London,1997,27601.6,,,2570.88,724,10.736245954692556
E09000002,Barking and Dagenham,1997,14976.0,,,3396.6399999999994,1422,4.409063074096755
E09000003,Barnet,1997,14107.6,,,3021.72,2975,4.668731715711582
E09000004,Bexley,1997,13863.2,,,2646.8,3175,5.2377210216110015
E09000005,Brent,1997,15657.2,,,2833.48,12974,5.5257845476234175
E09000006,Bromley,1997,11346.4,,,2961.4,2380,3.831431079894644
E09000007,Camden,1997,20425.6,,,2810.08,7456,7.268689859363434
E09000008,Croydon,1997,15834.0,,,3274.44,5038,4.835636017151025
E09000009,Ealing,1997,17612.399999999998,,,2817.36,10705,6.251384274640087
E09000010,Enfield,1997,14877.2,,,3061.76,3029,4.859035326086956
E09000011,Greenwich,1997,15548.0,,,2878.72,7693,5.401011560693642
E09000012,Hackney,1997,20181.2,,,2677.48,10941,7.537385900174791
E09000013,Hammersmith and Fulham,1997,20659.6,,,2607.8,5912,7.9222333000997
E09000014,Haringey,1997,15600.0,,,2719.6,5301,5.736137667304016
E09000015,Harrow,1997,15880.8,,,2829.84,1926,5.611907386990077
E09000016,Havering,1997,10363.6,,,2741.96,2242,3.7796320879954486
E09000017,Hillingdon,1997,18579.6,,,2883.4,3395,6.443642921550946
E09000018,Hounslow,1997,18132.4,,,2971.8,6564,6.101487314085739
E09000019,Islington,1997,21002.8,,,2626.0,10950,7.998019801980198
E09000020,Kensington and Chelsea,1997,16624.399999999998,,,2472.08,5554,6.724863273033234
E09000021,Kingston upon Thames,1997,15054.0,,,2806.96,2161,5.363097443497591
E09000022,Lambeth,1997,19760.0,,,2520.44,10263,7.8399009696719615
E09000023,Lewisham,1997,16120.0,,,2538.12,12337,6.351157549682442
E09000024,Merton,1997,13982.8,,,2989.48,2521,4.677335188728474
E09000025,Newham,1997,16889.600000000002,,,2766.4,10281,6.105263157894737
E09000026,Redbridge,1997,14180.4,,,2960.88,2107,4.7892518440463645
E09000027,Richmond upon Thames,1997,15906.8,,,2930.72,2684,5.427608232789212
E09000028,Southwark,1997,19682.0,,,2598.44,3749,7.574544726836102
E09000029,Sutton,1997,17446.0,,,2709.2000000000003,2346,6.439539347408829
E09000030,Tower Hamlets,1997,22100.0,,,2703.48,7955,8.174648970955953
E09000031,Waltham Forest,1997,14196.0,,,2709.2000000000003,8000,5.2399232245681375
E09000032,Wandsworth,1997,16770.0,,,2883.4,2662,5.8160504959422905
E09000033,Westminster,1997,21054.8,,,2683.2000000000003,3658,7.846899224806201
E09000001,City of London,1998,28303.6,,,2674.88,607,10.581259720062208
E09000002,Barking and Dagenham,1998,18922.8,,,3529.76,1682,5.360931054802593
E09000003,Barnet,1998,16406.0,,,3217.76,4429,5.098577892695539
E09000004,Bexley,1998,15308.8,,,3056.56,1896,5.008506294658047
E09000005,Brent,1998,16629.600000000002,,,2922.92,10153,5.689379114036649
E09000006,Bromley,1998,10706.8,,,3097.64,2487,3.4564378042638912
E09000007,Camden,1998,21476.0,,,3076.84,8019,6.979888456988339
E09000008,Croydon,1998,16811.600000000002,,,3429.4,5620,4.902198635329796
E09000009,Ealing,1998,18064.8,,,3078.4,5829,5.868243243243243
E09000010,Enfield,1998,15594.8,,,3189.6800000000003,5089,4.889142484512552
E09000011,Greenwich,1998,16224.0,,,3107.52,8619,5.220883534136546
E09000012,Hackney,1998,22588.8,,,2905.76,9680,7.773801002147458
E09000013,Hammersmith and Fulham,1998,20181.2,,,2778.36,3383,7.263709526483249
E09000014,Haringey,1998,14643.2,,,2892.24,5506,5.062927004674578
E09000015,Harrow,1998,17576.0,,,3073.72,2359,5.718152596853325
E09000016,Havering,1998,10847.2,,,3037.84,1872,3.5706949674768915
E09000017,Hillingdon,1998,19791.2,,,3075.28,4113,6.43557659790328
E09000018,Hounslow,1998,18371.6,,,3199.56,6837,5.741914513245571
E09000019,Islington,1998,21320.0,,,2829.32,10877,7.535379525822458
E09000020,Kensington and Chelsea,1998,18600.4,,,2617.6800000000003,7527,7.1056813667063965
E09000021,Kingston upon Thames,1998,16868.8,,,3120.52,1924,5.405765705715714
E09000022,Lambeth,1998,20935.2,,,2676.96,9013,7.82051282051282
E09000023,Lewisham,1998,15600.0,,,2721.16,13922,5.732849226065355
E09000024,Merton,1998,16952.0,,,3190.2000000000003,2569,5.3137734311328435
E09000025,Newham,1998,17279.600000000002,,,3059.16,9412,5.648478667346593
E09000026,Redbridge,1998,14123.2,,,3258.84,2466,4.333812031274932
E09000027,Richmond upon Thames,1998,16525.600000000002,,,3033.6800000000003,3741,5.4473774425779915
E09000028,Southwark,1998,19999.2,,,2746.12,3510,7.282711607650067
E09000029,Sutton,1998,15808.0,,,2891.2000000000003,1925,5.467625899280575
E09000030,Tower Hamlets,1998,23644.4,,,2896.4,5943,8.163375224416518
E09000031,Waltham Forest,1998,15787.2,,,3046.6800000000003,7977,5.181771633384536
E09000032,Wandsworth,1998,17794.399999999998,,,3055.52,2733,5.823689584751531
E09000033,Westminster,1998,21366.8,,,2882.36,5399,7.412953274400143
E09000001,City of London,1999,31740.8,,,2744.04,720,11.567178321015728
E09000002,Barking and Dagenham,1999,18200.0,,,3586.44,1785,5.074670146440481
E09000003,Barnet,1999,16504.8,,,3318.12,5004,4.974141984015045
E09000004,Bexley,1999,16229.2,,,3076.84,2762,5.274632415075207
E09000005,Brent,1999,17009.2,,,3108.56,11703,5.471729675476748
E09000006,Bromley,1999,10394.8,,,3184.48,3202,3.2642064010450684
E09000007,Camden,1999,22266.4,,,3186.04,6302,6.988738371144117
E09000008,Croydon,1999,17300.399999999998,,,3603.6,6389,4.8008658008658
E09000009,Ealing,1999,19011.2,,,3120.0,7261,6.093333333333334
E09000010,Enfield,1999,15714.4,,,3332.16,4263,4.715980024968789
E09000011,Greenwich,1999,17108.0,,,3191.76,5454,5.360052134245683
E09000012,Hackney,1999,22588.8,,,2983.24,13480,7.571901690779153
E09000013,Hammersmith and Fulham,1999,21964.8,,,2916.6800000000003,4451,7.530754145123907
E09000014,Haringey,1999,16972.8,,,3036.28,7409,5.589998287377975
E09000015,Harrow,1999,17165.2,,,3278.6,2374,5.2355273592386995
E09000016,Havering,1999,9386.0,,,3154.32,1511,2.975601714474118
E09000017,Hillingdon,1999,18844.8,,,3194.88,7655,5.8984375
E09000018,Hounslow,1999,19500.0,,,3424.2,5188,5.694760820045558
E09000019,Islington,1999,23504.0,,,2983.76,12428,7.877309166957128
E09000020,Kensington and Chelsea,1999,18647.2,,,2749.76,7671,6.781391830559758
E09000021,Kingston upon Thames,1999,15886.0,,,3141.84,2846,5.056272757365111
E09000022,Lambeth,1999,21595.6,,,2840.24,13050,7.603441962651043
E09000023,Lewisham,1999,17940.0,,,2839.2000000000003,11520,6.318681318681318
E09000024,Merton,1999,16962.399999999998,,,3271.84,3345,5.184361093452002
E09000025,Newham,1999,16733.600000000002,,,3180.32,9537,5.26160889470242
E09000026,Redbridge,1999,15262.0,,,3410.6800000000003,2956,4.474767495044976
E09000027,Richmond upon Thames,1999,18824.0,,,3111.6800000000003,4667,6.049465240641711
E09000028,Southwark,1999,20763.6,,,2897.44,4645,7.16618808327351
E09000029,Sutton,1999,16442.399999999998,,,3012.88,1963,5.457369692785639
E09000030,Tower Hamlets,1999,25095.2,,,3029.0,6215,8.284978540772533
E09000031,Waltham Forest,1999,16707.600000000002,,,3204.24,7172,5.214216163583253
E09000032,Wandsworth,1999,18252.0,,,3182.92,2916,5.734357131187714
E09000033,Westminster,1999,22448.4,,,3046.6800000000003,7028,7.368151561699949
E09000001,City of London,2000,33259.200000000004,,,2887.04,787,11.520172910662826
E09000002,Barking and Dagenham,2000,19494.8,,,3298.88,1925,5.90952080706179
E09000003,Barnet,2000,14970.8,,,3417.44,5489,4.380706025562994
E09000004,Bexley,2000,16681.600000000002,,,3246.88,3592,5.137732222934017
E09000005,Brent,2000,18772.0,,,3241.6800000000003,12603,5.790824510747513
E09000006,Bromley,2000,10816.0,,,3348.28,3264,3.2303152663457055
E09000007,Camden,2000,23680.8,,,3284.32,5884,7.210259658011399
E09000008,Croydon,2000,18283.2,,,3663.92,6265,4.990065285268237
E09000009,Ealing,2000,19406.4,,,3257.8,7709,5.9569034317637675
E09000010,Enfield,2000,17659.2,,,3300.96,6001,5.349716446124764
E09000011,Greenwich,2000,16837.600000000002,,,3221.92,5473,5.225952227243384
E09000012,Hackney,2000,21788.0,,,3104.4,7011,7.018425460636515
E09000013,Hammersmith and Fulham,2000,22791.6,,,3019.64,4726,7.547787153435508
E09000014,Haringey,2000,17841.2,,,3142.36,9510,5.677643554525898
E09000015,Harrow,2000,17004.0,,,3368.56,2610,5.0478542760111145
E09000016,Havering,2000,9510.8,,,3239.08,1738,2.9362658532669768
E09000017,Hillingdon,2000,19666.4,,,3330.6,3656,5.904761904761905
E09000018,Hounslow,2000,20836.4,,,3484.5200000000004,5017,5.979704521713177
E09000019,Islington,2000,25433.2,,,3124.16,11590,8.14081225033289
E09000020,Kensington and Chelsea,2000,20716.8,,,2836.6,8206,7.303391384051329
E09000021,Kingston upon Thames,2000,17009.2,,,3206.32,3113,5.304897826792086
E09000022,Lambeth,2000,22094.8,,,2957.24,16220,7.471426059433797
E09000023,Lewisham,2000,18543.2,,,2970.76,9774,6.241904428496412
E09000024,Merton,2000,16962.399999999998,,,3322.8,3920,5.1048513302034415
E09000025,Newham,2000,18772.0,,,3323.84,9901,5.647684605757196
E09000026,Redbridge,2000,15953.6,,,3525.6,3555,4.525073746312684
E09000027,Richmond upon Thames,2000,18969.6,,,3143.4,4992,6.034739454094292
E09000028,Southwark,2000,22672.0,,,3027.44,5543,7.488835451734799
E09000029,Sutton,2000,16759.600000000002,,,3138.72,2154,5.339628893306827
E09000030,Tower Hamlets,2000,26488.8,,,3021.72,6751,8.766133195663397
E09000031,Waltham Forest,2000,16525.600000000002,,,3360.76,7476,4.917221104750117
E09000032,Wandsworth,2000,19962.8,,,3283.28,2441,6.080139372822299
E09000033,Westminster,2000,23457.2,,,3142.88,8099,7.463600264725347
E09000001,City of London,2001,34933.6,108.10000000000036,1.4718,2960.36,703,11.800456701212013
E09000002,Barking and Dagenham,2001,18486.0,227.6999999999971,2.4360882352941178,3337.3600000000006,2157,5.539108756621999
E09000003,Barnet,2001,16624.399999999998,285.6000000000058,2.4387862595419847,3520.4,6732,4.722304283604135
E09000004,Bexley,2001,16796.0,301.6000000000058,2.3777934782608696,3306.16,3596,5.080213903743315
E09000005,Brent,2001,18772.0,1401.1000000000058,2.6695049504950497,3244.28,13511,5.786183683282577
E09000006,Bromley,2001,9531.6,257.1999999999971,2.296263565891473,3419.5200000000004,3787,2.7874087591240873
E09000007,Camden,2001,25469.6,772.1000000000058,2.1781397849462367,3388.32,8614,7.516881522406384
E09000008,Croydon,2001,18673.2,123.60000000000582,2.37668085106383,3736.2,6214,4.997912317327766
E09000009,Ealing,2001,19890.0,258.6999999999971,2.560633333333333,3311.36,8132,6.006595477386934
E09000010,Enfield,2001,18938.4,1182.8999999999942,2.4536814159292035,3331.12,8845,5.685295035903841
E09000011,Greenwich,2001,17903.600000000002,565.8999999999942,2.2890526315789472,3271.84,5869,5.4720279720279725
E09000012,Hackney,2001,22776.0,1348.5565012377629,2.3821379310344826,3111.16,8307,7.320742102624102
E09000013,Hammersmith and Fulham,2001,24081.2,192.3000000000029,2.1996623376623377,3106.48,6865,7.751925008369602
E09000014,Haringey,2001,17612.399999999998,682.6842980077781,2.3537340425531914,3220.36,10344,5.469077991280477
E09000015,Harrow,2001,18574.4,229.10000000000585,2.593135802469136,3458.0,3141,5.371428571428572
E09000016,Havering,2001,9443.2,402.4693386773579,2.3906063829787234,3352.44,1985,2.8168140220257487
E09000017,Hillingdon,2001,21429.2,267.5,2.480969696969697,3422.12,5810,6.261966266524845
E09000018,Hounslow,2001,20597.2,711.1999999999971,2.5113488372093022,3481.92,4983,5.9154719235364395
E09000019,Islington,2001,26197.6,1011.3000000000028,2.161289156626506,3076.32,6427,8.515889114266395
E09000020,Kensington and Chelsea,2001,21481.2,67.69999999999709,1.9309404761904765,2910.44,6150,7.380739681972486
E09000021,Kingston upon Thames,2001,17752.8,146.59999999999854,2.4039516129032257,3267.16,3723,5.433710011141175
E09000022,Lambeth,2001,22952.8,1065.0,2.2781,3027.44,13115,7.581587083476468
E09000023,Lewisham,2001,18371.6,470.5,2.333357798165137,3085.16,10182,5.954828922973201
E09000024,Merton,2001,18241.6,-186.8000000000029,2.3593333333333333,3472.56,4214,5.253069781371668
E09000025,Newham,2001,19078.8,1219.3999999999942,2.6818387096774194,3346.2,11426,5.701631701631702
E09000026,Redbridge,2001,16972.8,693.1999999999971,2.5733297872340426,3499.0800000000004,5426,4.850646455639767
E09000027,Richmond upon Thames,2001,18584.8,264.8000000000029,2.23475641025641,3350.88,3383,5.546244568590937
E09000028,Southwark,2001,28147.6,421.1000000000058,2.399177570093458,3103.36,7191,9.070040214477212
E09000029,Sutton,2001,18106.4,33.39999999999418,2.326423076923077,3224.52,2432,5.615223351072408
E09000030,Tower Hamlets,2001,29047.2,1960.0,2.513625,3148.08,7566,9.226957383548068
E09000031,Waltham Forest,2001,17092.399999999998,417.3000000000029,2.4132065217391303,3472.56,8664,4.922132374962563
E09000032,Wandsworth,2001,19791.2,875.6000000000058,2.245801652892562,3345.6800000000003,3120,5.915449176251165
E09000033,Westminster,2001,24954.8,1910.699999999997,2.013158415841584,3255.2000000000003,8855,7.666134185303513
E09000001,City of London,2002,35339.200000000004,9.099999999999454,1.456,3052.4,623,11.577512776831346
E09000002,Barking and Dagenham,2002,20212.4,311.6999999999971,2.4109710144927536,3599.44,2668,5.615429066743716
E09000003,Barnet,2002,16718.0,1082.6000000000058,2.446961832061069,3604.64,7030,4.637911136757069
E09000004,Bexley,2002,17680.0,315.59999999999127,2.3817717391304347,3445.0,3487,5.132075471698113
E09000005,Brent,2002,18501.6,1018.0999999999912,2.620106796116505,3411.72,14746,5.4229538180155465
E09000006,Bromley,2002,9734.4,340.1999999999971,2.299751937984496,3574.48,3592,2.7233052080302587
E09000007,Camden,2002,25948.0,576.0999999999913,2.169914893617021,3510.0,8147,7.392592592592592
E09000008,Croydon,2002,19136.0,395.6000000000058,2.3788297872340425,3873.48,6890,4.940260437642636
E09000009,Ealing,2002,21148.4,332.6999999999971,2.5557190082644627,3456.44,8289,6.118549721678953
E09000010,Enfield,2002,18813.6,1142.9000000000087,2.462675438596491,3538.0800000000004,7264,5.317460317460316
E09000011,Greenwich,2002,18033.6,773.9000000000087,2.3070416666666667,3425.24,6876,5.264915743130408
E09000012,Hackney,2002,21788.0,1659.5565012377774,2.370348314606741,3257.8,8930,6.687948922585794
E09000013,Hammersmith and Fulham,2002,26202.8,321.3000000000029,2.2336233766233766,3228.16,6044,8.11694587628866
E09000014,Haringey,2002,17924.399999999998,821.6842980077781,2.3880212765957447,3338.92,12585,5.368322691169599
E09000015,Harrow,2002,19182.8,561.0999999999913,2.6214320987654323,3639.48,3992,5.270752964709244
E09000016,Havering,2002,9885.2,358.4693386773579,2.394191489361702,3514.16,1888,2.812962414915656
E09000017,Hillingdon,2002,20950.8,438.5,2.4955858585858586,3551.0800000000004,6041,5.899838922243373
E09000018,Hounslow,2002,22063.6,912.1999999999972,2.4929655172413794,3613.48,6369,6.105914520074831
E09000019,Islington,2002,30451.2,1728.300000000003,2.1442619047619047,3222.96,8161,9.448209099709583
E09000020,Kensington and Chelsea,2002,23030.8,146.6999999999971,1.9503214285714283,3033.16,8294,7.593005314589405
E09000021,Kingston upon Thames,2002,18330.0,247.59999999999852,2.375269841269841,3458.5200000000004,3971,5.299954894000901
E09000022,Lambeth,2002,22562.8,558.0,2.2565371900826445,3179.28,14228,7.096826954530584
E09000023,Lewisham,2002,18886.4,311.5,2.3271743119266053,3212.56,15368,5.87892521851732
E09000024,Merton,2002,17357.600000000002,-126.80000000000292,2.3526049382716048,3572.4,4361,4.858806404657933
E09000025,Newham,2002,19515.6,881.4000000000087,2.687178947368421,3504.28,13942,5.569075530494138
E09000026,Redbridge,2002,17425.2,818.1999999999971,2.571294736842105,3705.0,5671,4.703157894736842
E09000027,Richmond upon Thames,2002,18460.0,280.8000000000029,2.2207721518987342,3370.6399999999994,3763,5.476704720765197
E09000028,Southwark,2002,29348.8,927.0999999999912,2.3728611111111118,3225.04,6164,9.1002902289584
E09000029,Sutton,2002,19500.0,121.40000000000872,2.3239102564102563,3385.2,1653,5.760368663594471
E09000030,Tower Hamlets,2002,28048.8,1474.0,2.5247682926829267,3307.72,7837,8.479798773777707
E09000031,Waltham Forest,2002,17586.399999999998,290.3000000000029,2.4323478260869567,3528.2,10283,4.984524686809137
E09000032,Wandsworth,2002,20919.6,1201.5999999999913,2.253418032786885,3459.04,3923,6.047805171377029
E09000033,Westminster,2002,26447.2,1416.699999999997,2.020388349514563,3362.32,3709,7.865759356634705
E09000001,City of London,2003,36930.4,137.10000000000036,1.423,3217.76,679,11.4770523594053
E09000002,Barking and Dagenham,2003,20378.8,61.70000000001164,2.408840579710145,3589.56,3018,5.677241778936694
E09000003,Barnet,2003,18189.6,972.5999999999768,2.4378939393939394,3682.64,8738,4.939282688506071
E09000004,Bexley,2003,18200.0,726.6000000000058,2.3914782608695653,3522.48,4265,5.166814289932093
E09000005,Brent,2003,19962.8,608.1000000000058,2.580028846153846,3553.6800000000003,13425,5.617500731635937
E09000006,Bromley,2003,11502.4,494.2000000000117,2.304286821705426,3677.96,3556,3.127385833451152
E09000007,Camden,2003,27326.0,381.1000000000058,2.1729148936170213,3630.64,8961,7.526496705814953
E09000008,Croydon,2003,19734.0,357.5999999999767,2.36562676056338,3956.68,6425,4.987514785122881
E09000009,Ealing,2003,21996.0,505.7000000000117,2.5463471074380166,3602.56,10763,6.105658198614319
E09000010,Enfield,2003,19375.2,1063.8999999999942,2.4507391304347825,3627.52,9496,5.3411697247706424
E09000011,Greenwich,2003,19624.8,1435.8999999999942,2.31240206185567,3542.76,7753,5.539409951563187
E09000012,Hackney,2003,23082.8,1371.5565012377774,2.360055555555556,3361.28,10529,6.867264851485148
E09000013,Hammersmith and Fulham,2003,26951.6,589.2999999999884,2.1988461538461537,3363.88,6665,8.012057505023959
E09000014,Haringey,2003,19063.2,571.6842980077781,2.368705263157895,3440.32,14264,5.541112454655381
E09000015,Harrow,2003,19203.6,529.1000000000058,2.606439024390244,3587.48,3281,5.3529497028554855
E09000016,Havering,2003,11154.0,629.4693386773433,2.3710315789473686,3592.6800000000003,1962,3.1046461137646544
E09000017,Hillingdon,2003,22718.8,539.5,2.48054,3689.92,5507,6.1569898534385565
E09000018,Hounslow,2003,22958.0,1174.2000000000116,2.4884827586206897,3687.84,5952,6.225324309080654
E09000019,Islington,2003,30357.6,1279.2999999999884,2.1034767441860467,3398.72,8566,8.932068543451653
E09000020,Kensington and Chelsea,2003,22604.4,397.7000000000117,1.9674761904761904,3190.2000000000003,7872,7.085574572127139
E09000021,Kingston upon Thames,2003,19396.0,536.6000000000058,2.375920634920635,3554.2,4137,5.457205559619605
E09000022,Lambeth,2003,23394.8,806.0,2.231106557377049,3302.52,11140,7.083923791528893
E09000023,Lewisham,2003,19182.8,1061.5,2.2903272727272728,3297.32,15341,5.81769436997319
E09000024,Merton,2003,17830.8,-142.79999999998836,2.366225,3662.88,4312,4.867972742759795
E09000025,Newham,2003,21247.2,1314.3999999999942,2.697094736842105,3550.56,16228,5.984182776801406
E09000026,Redbridge,2003,17659.2,695.2000000000116,2.577208333333333,3847.48,4952,4.5898094337072575
E09000027,Richmond upon Thames,2003,20051.2,291.7999999999884,2.2428101265822784,3532.3600000000006,3861,5.6764316207861025
E09000028,Southwark,2003,29811.6,1678.1000000000058,2.363351851851852,3353.48,6757,8.889750348891301
E09000029,Sutton,2003,20950.8,198.39999999999415,2.323935897435897,3492.84,1662,5.9982134881643585
E09000030,Tower Hamlets,2003,31938.4,1682.0,2.483940476190476,3474.6399999999994,10979,9.191858724932656
E09000031,Waltham Forest,2003,18657.6,291.2999999999884,2.409838709677419,3584.88,9680,5.204525674499564
E09000032,Wandsworth,2003,22505.6,1316.6000000000058,2.250634146341463,3601.5200000000004,5072,6.248917123881027
E09000033,Westminster,2003,25948.0,2219.700000000012,2.009609523809524,3497.0,6591,7.4200743494423795
E09000001,City of London,2004,38885.6,111.09999999999944,1.4236,3417.44,914,11.378575776019476
E09000002,Barking and Dagenham,2004,23566.4,361.6999999999971,2.400144927536232,3656.64,3149,6.444823663253698
E09000003,Barnet,2004,20092.8,1046.6000000000058,2.4340075187969923,3876.6,10732,5.183098591549296
E09000004,Bexley,2004,13312.0,270.59999999999127,2.375451612903226,3466.84,4404,3.83980800959952
E09000005,Brent,2004,20623.2,639.0999999999913,2.5801442307692306,3732.04,15504,5.525985787933677
E09000006,Bromley,2004,13520.0,831.1999999999971,2.286976923076923,3669.12,3866,3.684807256235828
E09000007,Camden,2004,27944.8,722.0999999999913,2.182536842105263,3810.04,15757,7.33451617305855
E09000008,Croydon,2004,20566.0,389.6000000000058,2.374183098591549,4052.3600000000006,8067,5.075067368150904
E09000009,Ealing,2004,22791.6,481.6999999999971,2.5625867768595043,3770.52,12808,6.044683491932147
E09000010,Enfield,2004,22500.4,717.9000000000087,2.432905172413793,3815.24,12584,5.897505792558267
E09000011,Greenwich,2004,19962.8,1624.9000000000087,2.318265306122449,3724.76,6710,5.3594862487784445
E09000012,Hackney,2004,23883.6,1150.5565012377629,2.321532608695652,3512.6,11016,6.79940784603997
E09000013,Hammersmith and Fulham,2004,26863.2,468.3000000000029,2.206192307692308,3540.16,7874,7.588131609870741
E09000014,Haringey,2004,19640.4,1454.684298007778,2.3590833333333334,3566.6800000000003,16920,5.506633620061233
E09000015,Harrow,2004,20956.0,651.0999999999913,2.6374024390243904,3748.68,4333,5.59023442918574
E09000016,Havering,2004,12194.0,544.4693386773579,2.376515789473684,3710.2,2384,3.286615276804485
E09000017,Hillingdon,2004,24564.8,340.5,2.48691,3823.04,6910,6.425462459194777
E09000018,Hounslow,2004,23181.6,901.1999999999972,2.46561797752809,3843.84,7088,6.0308441558441555
E09000019,Islington,2004,27523.6,679.3000000000029,2.0785172413793105,3526.12,6871,7.8056333874059876
E09000020,Kensington and Chelsea,2004,21964.8,154.6999999999971,1.9732380952380952,3372.72,8326,6.512488436632748
E09000021,Kingston upon Thames,2004,19942.0,513.5999999999985,2.397698412698413,3718.0,4465,5.363636363636363
E09000022,Lambeth,2004,24918.4,1020.0,2.229772357723577,3410.16,12847,7.307105824946631
E09000023,Lewisham,2004,20690.8,786.5,2.2743693693693694,3511.04,17497,5.893068720379147
E09000024,Merton,2004,19427.2,-61.80000000000291,2.36135,3792.88,4834,5.122018097066082
E09000025,Newham,2004,23259.6,572.4000000000087,2.6230309278350514,3711.24,19503,6.26733921815889
E09000026,Redbridge,2004,17565.600000000002,707.1999999999971,2.5913958333333333,3885.44,4766,4.520877944325482
E09000027,Richmond upon Thames,2004,22349.6,628.8000000000029,2.269772151898734,3625.96,4868,6.163774559013337
E09000028,Southwark,2004,27008.8,2017.0999999999915,2.3387,3523.0,6657,7.666420664206642
E09000029,Sutton,2004,20592.0,299.4000000000088,2.3217179487179487,3586.44,2145,5.741626794258373
E09000030,Tower Hamlets,2004,34918.0,3039.0,2.484164705882353,3642.6,14575,9.586009992862241
E09000031,Waltham Forest,2004,18298.8,627.3000000000029,2.4193763440860216,3684.2,9016,4.966831333803811
E09000032,Wandsworth,2004,22952.8,1742.5999999999913,2.2468951612903227,3764.28,6672,6.097527282773863
E09000033,Westminster,2004,27944.8,1439.699999999997,2.005205607476636,3709.68,5667,7.532940846649846
E09000001,City of London,2005,40788.8,-0.8999999999996362,1.4262,3754.4,1204,10.86426592797784
E09000002,Barking and Dagenham,2005,23285.6,267.6999999999971,2.409782608695652,3891.16,2321,5.984230923426433
E09000003,Barnet,2005,19931.6,1038.6000000000058,2.4443358208955224,4123.599999999999,13627,4.833543505674654
E09000004,Bexley,2005,19728.8,212.60000000000585,2.3913010752688173,3755.44,4528,5.253392412074217
E09000005,Brent,2005,21663.2,1674.1000000000058,2.5803714285714285,4015.44,17351,5.394975394975395
E09000006,Bromley,2005,18304.0,747.1999999999971,2.2856564885496184,3896.88,2998,4.697091006138244
E09000007,Camden,2005,27903.2,787.1000000000058,2.1988333333333334,4205.24,16532,6.635340670211451
E09000008,Croydon,2005,19401.2,394.6000000000058,2.370993006993007,4240.08,8856,4.575668383615404
E09000009,Ealing,2005,23041.2,833.6999999999971,2.56372131147541,4053.92,14324,5.6836839404822985
E09000010,Enfield,2005,19838.0,557.8999999999942,2.434008547008547,4033.12,7872,4.918772563176895
E09000011,Greenwich,2005,22204.0,1386.8999999999942,2.30494,3934.84,7666,5.6429232192414425
E09000012,Hackney,2005,25625.6,1202.5565012377629,2.3280860215053765,3750.24,7744,6.833056017748198
E09000013,Hammersmith and Fulham,2005,26904.8,648.3000000000029,2.1935696202531645,3810.04,8384,7.0615531595468815
E09000014,Haringey,2005,20311.2,1170.684298007778,2.363618556701031,3809.52,19930,5.3316953316953315
E09000015,Harrow,2005,20264.4,658.1000000000058,2.6639638554216867,4043.0,4944,5.012218649517685
E09000016,Havering,2005,18543.2,464.4693386773579,2.3644791666666665,4021.68,3477,4.61080941298164
E09000017,Hillingdon,2005,25724.4,594.5,2.48940594059406,4100.72,7471,6.273142277453715
E09000018,Hounslow,2005,24341.2,858.1999999999971,2.4864,4064.32,10382,5.98899692937564
E09000019,Islington,2005,27450.8,877.3000000000029,2.084965909090909,3719.04,6326,7.381152125279642
E09000020,Kensington and Chelsea,2005,21668.4,77.69999999999709,1.9808823529411763,3641.56,9436,5.95030701128088
E09000021,Kingston upon Thames,2005,18590.0,330.59999999999854,2.382640625,4175.08,4903,4.452609291318969
E09000022,Lambeth,2005,24497.2,1368.0,2.2388709677419354,3619.72,10648,6.767705789398075
E09000023,Lewisham,2005,20347.6,1037.5,2.276160714285714,3713.32,18279,5.47962470242263
E09000024,Merton,2005,21044.4,270.1999999999971,2.3822875,3993.08,5188,5.270217476233885
E09000025,Newham,2005,23322.0,896.3999999999942,2.616474226804124,3973.84,25317,5.868882491494373
E09000026,Redbridge,2005,18803.2,762.1999999999971,2.59340206185567,4241.12,7941,4.433545855811673
E09000027,Richmond upon Thames,2005,21923.2,941.8000000000028,2.26885,3815.76,4898,5.745434723357863
E09000028,Southwark,2005,27040.0,1568.1000000000058,2.3375982142857143,3757.52,7548,7.196235815112095
E09000029,Sutton,2005,19510.4,144.39999999999418,2.334653846153846,3932.76,3724,4.960994314425492
E09000030,Tower Hamlets,2005,34881.6,2976.0,2.424795454545454,3849.56,21183,9.061191408888288
E09000031,Waltham Forest,2005,17435.600000000002,762.3000000000029,2.412202127659574,3862.04,8837,4.514608859566447
E09000032,Wandsworth,2005,22963.2,1362.6000000000058,2.247849206349206,4037.8,8668,5.6870573084352865
E09000033,Westminster,2005,28173.6,1980.699999999997,2.066037037037037,3959.8,6565,7.114904793171371
E09000001,City of London,2006,41688.4,1.1000000000003638,1.4508,3823.04,1427,10.904515778019586
E09000002,Barking and Dagenham,2006,23431.2,306.6999999999971,2.3879571428571427,4079.92,7689,5.743053785368341
E09000003,Barnet,2006,21080.8,487.6000000000058,2.4503777777777778,4299.360000000001,16470,4.903241412675374
E09000004,Bexley,2006,19302.4,312.6000000000058,2.4008602150537635,3926.52,5955,4.915905178122103
E09000005,Brent,2006,23140.0,1202.1000000000058,2.5841495327102804,4115.28,16398,5.622946676775335
E09000006,Bromley,2006,19188.0,952.2000000000116,2.2974274809160304,4056.52,4282,4.730162799641072
E09000007,Camden,2006,29104.4,647.1000000000058,2.19825,4331.08,9562,6.719894345059432
E09000008,Croydon,2006,21439.6,752.6000000000058,2.3807622377622377,4427.8,9271,4.842043452730475
E09000009,Ealing,2006,22807.2,1367.699999999997,2.563650406504065,4329.52,15936,5.2678356954119625
E09000010,Enfield,2006,20711.6,1053.8999999999942,2.435838983050848,4258.8,7055,4.863247863247863
E09000011,Greenwich,2006,21470.8,737.8999999999942,2.316732673267327,4087.2,10239,5.253180661577608
E09000012,Hackney,2006,26925.6,1450.5565012377774,2.3424787234042554,3923.92,8815,6.861913596607474
E09000013,Hammersmith and Fulham,2006,26904.8,654.3000000000029,2.2110759493670886,4007.64,7795,6.713377449072272
E09000014,Haringey,2006,20992.4,1487.684298007793,2.379326530612245,3964.48,24939,5.295120671563484
E09000015,Harrow,2006,20971.6,709.1000000000058,2.6943614457831324,4278.56,5533,4.901555663587748
E09000016,Havering,2006,18590.0,940.469338677358,2.3770625,4253.599999999999,3876,4.370415647921761
E09000017,Hillingdon,2006,23883.6,284.5,2.518683168316832,4372.16,7136,5.4626546146527115
E09000018,Hounslow,2006,23181.6,1741.199999999997,2.534733333333333,4215.639999999999,11666,5.498951523374862
E09000019,Islington,2006,29874.0,1830.300000000003,2.0818314606741573,3925.48,8489,7.6102795072194995
E09000020,Kensington and Chelsea,2006,21678.8,34.69999999999709,1.944058823529412,3869.84,10798,5.601988712711636
E09000021,Kingston upon Thames,2006,21429.2,297.59999999999854,2.401046875,4357.08,5726,4.918248000954768
E09000022,Lambeth,2006,26187.2,1348.0,2.244192,3781.44,13611,6.925192519251925
E09000023,Lewisham,2006,21294.0,654.5,2.282973451327434,3892.72,17535,5.47021106064654
E09000024,Merton,2006,19786.0,-6.80000000000291,2.3767901234567903,4226.56,3278,4.68134842519685
E09000025,Newham,2006,22386.0,720.3999999999942,2.6325918367346937,4148.56,29574,5.396089245424918
E09000026,Redbridge,2006,20384.0,1022.1999999999972,2.608061224489796,4353.96,10807,4.681715036426609
E09000027,Richmond upon Thames,2006,21938.8,285.8000000000029,2.2533333333333334,3998.8,5726,5.486345903771131
E09000028,Southwark,2006,28329.6,2311.100000000006,2.346956140350877,3986.32,8057,7.106704930863553
E09000029,Sutton,2006,21075.6,135.39999999999418,2.344641025641025,4120.48,3408,5.114840989399293
E09000030,Tower Hamlets,2006,35250.8,3017.0,2.4,3938.48,12926,8.950356482703988
E09000031,Waltham Forest,2006,19500.0,922.3000000000028,2.4545851063829787,4035.72,11059,4.831851565519908
E09000032,Wandsworth,2006,23379.2,1702.6000000000058,2.26407874015748,4230.72,8952,5.526057030481809
E09000033,Westminster,2006,28496.0,1562.699999999997,2.0257181818181818,4176.12,7240,6.823558709998755
E09000001,City of London,2007,42354.0,46.099999999999454,1.5214,4496.96,1344,9.41836262719704
E09000002,Barking and Dagenham,2007,25604.8,715.6999999999971,2.414728571428572,4235.400000000001,9185,6.045426642111724
E09000003,Barnet,2007,20763.6,1251.6000000000058,2.480274074074074,4463.68,17909,4.651677539608573
E09000004,Bexley,2007,19531.2,332.59999999999127,2.389627659574468,4085.64,6115,4.78045055364643
E09000005,Brent,2007,22375.6,1067.0999999999913,2.622898148148148,4347.72,18609,5.146513574931228
E09000006,Bromley,2007,18969.6,773.1999999999825,2.292613636363636,4312.88,4427,4.398360260429225
E09000007,Camden,2007,28901.6,519.0999999999913,2.180618556701031,4520.88,10442,6.392914653784218
E09000008,Croydon,2007,21034.0,1182.6000000000058,2.3890902777777776,4587.96,9776,4.584608409837924
E09000009,Ealing,2007,23873.2,1419.699999999997,2.5699274193548387,4437.68,20653,5.37965783923131
E09000010,Enfield,2007,21840.0,1278.9000000000087,2.4498655462184877,4415.84,6986,4.945831370701836
E09000011,Greenwich,2007,23446.8,325.9000000000088,2.318970588235294,4204.72,12178,5.576304724214691
E09000012,Hackney,2007,25906.4,1910.5565012377772,2.3629473684210525,4080.96,8565,6.348114169215087
E09000013,Hammersmith and Fulham,2007,28100.8,541.3000000000029,2.2059,4227.599999999999,8104,6.646986469864699
E09000014,Haringey,2007,22490.0,1132.684298007778,2.36793,4167.28,10252,5.39680559021712
E09000015,Harrow,2007,20571.2,463.09999999999127,2.694702380952381,4345.639999999999,4968,4.733756132583464
E09000016,Havering,2007,19453.2,419.4693386773579,2.368958762886598,4450.16,5480,4.371348445898574
E09000017,Hillingdon,2007,27284.4,494.5,2.519421568627451,4547.400000000001,8045,6.0
E09000018,Hounslow,2007,24913.2,1992.199999999997,2.537543478260869,4408.56,9922,5.6510969568294405
E09000019,Islington,2007,30550.0,1728.300000000003,2.072923076923077,4170.400000000001,10604,7.325436408977555
E09000020,Kensington and Chelsea,2007,23660.0,-53.30000000000291,1.9162705882352944,4119.44,10342,5.7434991163847515
E09000021,Kingston upon Thames,2007,21476.0,265.59999999999854,2.376692307692308,4551.56,5616,4.718382268936364
E09000022,Lambeth,2007,27310.4,1423.0,2.2438110236220474,3931.2,14495,6.947089947089948
E09000023,Lewisham,2007,21819.2,1083.5,2.3113982300884954,4086.68,19850,5.339101666878738
E09000024,Merton,2007,20373.6,149.1999999999971,2.398271604938272,4389.84,5885,4.641080312722103
E09000025,Newham,2007,23415.6,920.4000000000088,2.6897474747474748,4284.28,24159,5.4654691103289235
E09000026,Redbridge,2007,22614.8,626.1999999999971,2.625909090909091,4546.88,11402,4.973696248856358
E09000027,Richmond upon Thames,2007,23166.0,352.8000000000029,2.252111111111111,4182.88,4576,5.5382894082546
E09000028,Southwark,2007,28470.0,2147.0999999999917,2.3502241379310345,4202.12,8987,6.775151590149735
E09000029,Sutton,2007,22687.6,482.40000000000873,2.3313164556962027,4287.92,4121,5.291050206160563
E09000030,Tower Hamlets,2007,37960.0,2637.0,2.3962872340425534,4060.68,13978,9.348187988218722
E09000031,Waltham Forest,2007,21252.4,978.3000000000028,2.480684210526316,4180.8,10169,5.083333333333333
E09000032,Wandsworth,2007,24419.2,1280.5999999999913,2.2592248062015505,4475.12,8695,5.456658145479898
E09000033,Westminster,2007,30399.2,1669.699999999997,1.9698125,4437.16,8018,6.8510488690964495
E09000001,City of London,2008,44844.8,46.10000000000037,1.4858,4290.52,1440,10.452066416191977
E09000002,Barking and Dagenham,2008,24741.6,287.70000000001164,2.428901408450704,4437.68,10844,5.575345676119053
E09000003,Barnet,2008,21814.0,1088.5999999999767,2.476,4684.68,11241,4.656454656454656
E09000004,Bexley,2008,19557.2,292.6000000000058,2.411191489361702,4280.12,6180,4.569311140809137
E09000005,Brent,2008,22713.6,1207.1000000000058,2.668816513761468,4635.28,20386,4.900157056315908
E09000006,Bromley,2008,19879.6,560.2000000000116,2.292992481203008,4442.88,4861,4.474485018726591
E09000007,Camden,2008,31891.6,1040.1000000000058,2.145642857142857,4742.92,11712,6.724043416292073
E09000008,Croydon,2008,22547.2,1255.5999999999767,2.4090206896551725,4741.88,10044,4.754907336330738
E09000009,Ealing,2008,24882.0,849.7000000000116,2.5716031746031747,4661.28,22711,5.3380187416332
E09000010,Enfield,2008,20092.8,676.8999999999942,2.4786916666666667,4619.16,6378,4.349881796690307
E09000011,Greenwich,2008,22422.4,302.8999999999942,2.3504705882352943,4471.48,13486,5.0145365740202354
E09000012,Hackney,2008,28152.8,2387.556501237763,2.3818659793814434,4320.68,10683,6.515826212540618
E09000013,Hammersmith and Fulham,2008,30669.6,484.2999999999884,2.186271604938272,4538.04,7214,6.758336198006187
E09000014,Haringey,2008,22084.4,1334.684298007778,2.420386138613861,4357.599999999999,15095,5.06801909307876
E09000015,Harrow,2008,21642.4,860.1000000000058,2.7007882352941177,4743.96,4771,4.562095801819577
E09000016,Havering,2008,21049.6,737.4693386773433,2.365234693877551,4631.12,7714,4.545250392993488
E09000017,Hillingdon,2008,27627.6,881.5,2.5593235294117647,4771.0,8175,5.790735694822888
E09000018,Hounslow,2008,24570.0,868.2000000000116,2.5309255319148938,4628.52,11334,5.308392315470171
E09000019,Islington,2008,32032.0,2329.2999999999884,2.087923913043478,4392.44,11311,7.292529892269445
E09000020,Kensington and Chelsea,2008,25339.6,-24.29999999998836,1.9126941176470589,4332.639999999999,6284,5.848535765722516
E09000021,Kingston upon Thames,2008,20893.6,159.60000000000582,2.4004153846153846,4785.04,6127,4.366442077809172
E09000022,Lambeth,2008,27903.2,1311.0,2.258796875,4188.08,15479,6.662527936429104
E09000023,Lewisham,2008,21663.2,1206.5,2.3377894736842104,4136.08,17256,5.237616293688711
E09000024,Merton,2008,18938.4,366.2000000000117,2.418012345679012,4578.599999999999,6542,4.1362862010221475
E09000025,Newham,2008,24632.4,1069.3999999999942,2.76478,4509.44,28579,5.462407749077491
E09000026,Redbridge,2008,22765.6,624.2000000000116,2.6813333333333333,4763.2,13188,4.779475982532751
E09000027,Richmond upon Thames,2008,24944.4,395.7999999999884,2.258358024691358,4397.12,5549,5.6728949858088935
E09000028,Southwark,2008,28730.0,1468.1000000000058,2.347228813559322,4420.52,8604,6.4992353840724615
E09000029,Sutton,2008,21725.6,328.3999999999942,2.352658227848101,4407.0,4091,4.929793510324483
E09000030,Tower Hamlets,2008,39863.2,3461.0,2.3906494845360826,4311.84,18582,9.245055475156777
E09000031,Waltham Forest,2008,20997.6,966.2999999999884,2.5218541666666665,4383.599999999999,9655,4.790035587188612
E09000032,Wandsworth,2008,24908.0,1833.5999999999915,2.2638846153846157,4664.400000000001,8924,5.340022296544035
E09000033,Westminster,2008,31891.6,1633.7000000000116,1.9351592920353984,4685.72,8513,6.806125846187991
E09000001,City of London,2009,45723.6,-7.900000000000546,1.4944,4626.96,1291,9.881995954147
E09000002,Barking and Dagenham,2009,25162.8,107.69999999999708,2.5011267605633805,4693.0,11411,5.361772853185595
E09000003,Barnet,2009,22516.0,847.6000000000058,2.506007246376812,4945.2,13982,4.553101997896951
E09000004,Bexley,2009,20571.2,427.59999999999127,2.427085106382979,4467.32,6489,4.604818996624375
E09000005,Brent,2009,23930.4,1170.0999999999913,2.710163636363637,4892.16,21737,4.891581632653062
E09000006,Bromley,2009,20295.6,625.1999999999825,2.2904776119402985,4656.599999999999,3794,4.358458961474037
E09000007,Camden,2009,31896.8,582.0999999999913,2.150747474747474,5000.32,13128,6.378951747088187
E09000008,Croydon,2009,23342.8,1097.6000000000058,2.4161849315068493,5023.72,9723,4.646516923713901
E09000009,Ealing,2009,25006.8,520.6999999999971,2.618777777777778,4976.400000000001,11174,5.025078369905955
E09000010,Enfield,2009,22230.0,619.9000000000087,2.4956280991735538,4830.8,6258,4.601722282023681
E09000011,Greenwich,2009,23660.0,90.90000000000872,2.365747572815534,4716.400000000001,7902,5.016538037486217
E09000012,Hackney,2009,28423.2,1967.5565012377629,2.36622,4650.360000000001,11461,6.112042938611204
E09000013,Hammersmith and Fulham,2009,30862.0,907.3000000000028,2.2236543209876545,4785.56,8492,6.448984026947734
E09000014,Haringey,2009,22412.0,1135.684298007778,2.4490686274509805,4584.32,16053,4.888838475499093
E09000015,Harrow,2009,22053.2,599.0999999999913,2.747,4994.08,4261,4.415868388171595
E09000016,Havering,2009,21361.6,516.4693386773579,2.3890510204081634,4462.639999999999,9227,4.786762992309486
E09000017,Hillingdon,2009,27840.8,606.5,2.579271844660194,5050.24,6797,5.512767710049424
E09000018,Hounslow,2009,27289.6,924.1999999999972,2.5617473684210528,4879.16,10088,5.593093893211126
E09000019,Islington,2009,32630.0,1593.300000000003,2.070568421052632,4695.08,11921,6.949828330933658
E09000020,Kensington and Chelsea,2009,25558.0,203.6999999999971,1.9046235294117648,4622.8,6687,5.528683914510686
E09000021,Kingston upon Thames,2009,22926.8,114.59999999999854,2.4201076923076923,5063.24,6812,4.528088733696211
E09000022,Lambeth,2009,29681.6,1366.0,2.279457364341085,4399.72,16729,6.746247488476539
E09000023,Lewisham,2009,25173.2,1063.5,2.331189655172414,4295.2,17518,5.8607748184019375
E09000024,Merton,2009,19260.8,-78.80000000000291,2.446123456790124,4833.400000000001,6163,3.984938138784292
E09000025,Newham,2009,25906.4,1459.4000000000087,2.836108910891089,4723.16,28649,5.484971925575251
E09000026,Redbridge,2009,22802.0,951.1999999999972,2.70435,5128.24,13969,4.4463597647536
E09000027,Richmond upon Thames,2009,24393.2,262.8000000000029,2.248707317073171,4631.639999999999,6858,5.266644212417201
E09000028,Southwark,2009,29640.0,1755.0999999999913,2.3426666666666667,4701.84,9804,6.303915063039151
E09000029,Sutton,2009,20945.6,63.40000000000873,2.3818607594936707,4785.56,4174,4.376833641203954
E09000030,Tower Hamlets,2009,40097.2,3038.0,2.40495,4546.360000000001,19681,8.819627130275647
E09000031,Waltham Forest,2009,22276.8,376.3000000000029,2.558144329896907,4613.96,14341,4.828130282880649
E09000032,Wandsworth,2009,25911.6,1825.6000000000056,2.267780303030303,4934.8,9421,5.250790305584825
E09000033,Westminster,2009,31891.6,1597.699999999997,1.886782608695652,4989.92,8394,6.3912046686119215
E09000001,City of London,2010,46378.8,54.10000000000037,1.4676,4985.76,1223,9.302252816020026
E09000002,Barking and Dagenham,2010,25386.4,132.6999999999971,2.575183098591549,4975.88,11376,5.101891524715226
E09000003,Barnet,2010,22282.0,729.6000000000058,2.528330935251798,5281.12,15166,4.219180779834581
E09000004,Bexley,2010,21637.2,238.60000000000585,2.428536842105263,4701.84,6660,4.60185799601858
E09000005,Brent,2010,22188.4,669.1000000000058,2.745810810810811,5218.72,16260,4.25169390195297
E09000006,Bromley,2010,19978.4,738.2000000000116,2.302686567164179,4970.16,5909,4.019669386901025
E09000007,Camden,2010,32884.8,689.1000000000058,2.168939393939394,5333.12,15213,6.166146645865835
E09000008,Croydon,2010,24575.2,849.6000000000058,2.4350408163265307,5268.639999999999,9870,4.6644295302013425
E09000009,Ealing,2010,25448.8,285.6999999999971,2.630496062992126,5289.96,10683,4.810773616435663
E09000010,Enfield,2010,21855.6,798.8999999999942,2.5425454545454547,5193.24,6525,4.208471012316011
E09000011,Greenwich,2010,25365.6,534.8999999999942,2.419135922330097,4962.88,7066,5.1110645431684825
E09000012,Hackney,2010,30300.4,750.9914888600761,2.3699901960784318,4909.84,11956,6.171361999576361
E09000013,Hammersmith and Fulham,2010,29962.4,488.3000000000029,2.205390243902439,5155.8,9361,5.811396873424105
E09000014,Haringey,2010,23920.0,742.8413179299823,2.4538058252427186,4906.72,16960,4.874947011445528
E09000015,Harrow,2010,18824.0,530.1000000000058,2.761058139534884,5321.68,4274,3.5372288450263825
E09000016,Havering,2010,21574.8,378.77595190380816,2.38620202020202,4784.0,10693,4.509782608695652
E09000017,Hillingdon,2010,29109.6,399.5,2.5910096153846154,5324.28,6004,5.467330794022854
E09000018,Hounslow,2010,27950.0,999.1999999999972,2.596208333333333,5175.56,12212,5.400381794433839
E09000019,Islington,2010,31090.8,571.3000000000029,2.084677083333333,5034.639999999999,8426,6.175376988225574
E09000020,Kensington and Chelsea,2010,26176.8,41.69999999999709,1.8878,4993.56,6116,5.242111840049984
E09000021,Kingston upon Thames,2010,22911.2,111.59999999999854,2.4407384615384617,5376.28,6872,4.26153399748525
E09000022,Lambeth,2010,30050.8,1558.0,2.272137404580153,4737.72,20988,6.3428822302711
E09000023,Lewisham,2010,23732.8,1011.5,2.3292735042735044,4563.52,17518,5.200546946216955
E09000024,Merton,2010,23051.6,-51.80000000000291,2.4584691358024693,4511.0,4987,5.110086455331412
E09000025,Newham,2010,26270.4,768.3999999999942,2.933049019607843,4983.16,31851,5.271835542105813
E09000026,Redbridge,2010,21491.6,459.1999999999971,2.723643564356436,5357.04,12644,4.011842360706659
E09000027,Richmond upon Thames,2010,25573.6,365.8000000000029,2.272,4946.24,7331,5.170311185870479
E09000028,Southwark,2010,30435.6,1853.1000000000056,2.3452644628099173,5044.52,10769,6.033398618699103
E09000029,Sutton,2010,21008.0,188.39999999999415,2.3665125,5077.28,4116,4.137648504711184
E09000030,Tower Hamlets,2010,39863.2,1870.0,2.3896153846153845,4909.32,22707,8.119902552695688
E09000031,Waltham Forest,2010,21892.0,655.3000000000029,2.591928571428572,4895.28,15624,4.472062885064798
E09000032,Wandsworth,2010,26384.8,733.6000000000058,2.258358208955224,5319.08,6037,4.9604066868706616
E09000033,Westminster,2010,32786.0,1673.699999999997,1.8562991452991453,5364.84,8892,6.111272656780072
E09000001,City of London,2011,47002.8,18.0,1.2353333333333334,5015.400000000001,1219,9.371695178849144
E09000002,Barking and Dagenham,2011,26910.0,352.0,2.6342112676056337,5017.48,12223,5.363250077728263
E09000003,Barnet,2011,23327.2,2114.645481628598,2.572215827338129,5364.84,16103,4.348163225743918
E09000004,Bexley,2011,19739.2,203.0,2.4502526315789472,4711.2,6759,4.189845474613687
E09000005,Brent,2011,21923.2,560.0,2.787901785714286,5275.92,14443,4.155332150601223
E09000006,Bromley,2011,21325.2,576.0,2.3004,4976.92,6672,4.284818723226413
E09000007,Camden,2011,32645.6,368.0,2.20087,5423.08,17052,6.019752612906319
E09000008,Croydon,2011,23748.4,707.0,2.464966216216216,5298.8,7880,4.481844946025515
E09000009,Ealing,2011,24476.4,685.0,2.671763779527559,5343.52,12020,4.580576099649669
E09000010,Enfield,2011,22167.6,297.0,2.5732377049180326,5250.44,6158,4.222046152322472
E09000011,Greenwich,2011,23836.8,1323.0,2.480417475728155,5023.72,6972,4.744850429562157
E09000012,Hackney,2011,28485.6,1156.6018641810952,2.4233529411764705,5017.48,13423,5.677272256192352
E09000013,Hammersmith and Fulham,2011,31434.0,471.0,2.224939024390244,5292.56,7754,5.939280801729219
E09000014,Haringey,2011,22105.2,1283.0,2.457115384615385,4995.639999999999,18940,4.424898511502031
E09000015,Harrow,2011,19437.6,470.0,2.7643563218390805,5496.400000000001,3801,3.536423841059602
E09000016,Havering,2011,21803.6,42.0,2.4033030303030305,4969.639999999999,6992,4.387360050224967
E09000017,Hillingdon,2011,28017.6,989.0,2.649028846153846,5333.639999999999,6650,5.252997952617725
E09000018,Hounslow,2011,27898.0,580.0,2.628113402061856,5202.08,12212,5.362854858056777
E09000019,Islington,2011,32791.200000000004,1224.0,2.1266494845360824,5142.8,11339,6.37613751263903
E09000020,Kensington and Chelsea,2011,25818.0,102.0,1.8617764705882356,5055.96,6734,5.106448626966985
E09000021,Kingston upon Thames,2011,22916.4,224.0,2.4682461538461538,5454.28,7423,4.201544475164458
E09000022,Lambeth,2011,30498.0,850.0,2.3066742424242426,4838.08,23894,6.3037403267411865
E09000023,Lewisham,2011,22344.4,1188.0,2.3469322033898306,4571.84,16060,4.887397634212921
E09000024,Merton,2011,22713.6,510.0,2.4758395061728398,4815.72,6354,4.716553287981859
E09000025,Newham,2011,24232.0,909.0,3.0141747572815536,5033.08,32045,4.814546957330303
E09000026,Redbridge,2011,22734.4,526.0,2.786089108910891,5375.24,9861,4.229466963335591
E09000027,Richmond upon Thames,2011,23977.2,209.0,2.2869146341463416,5004.48,4807,4.791147132169576
E09000028,Southwark,2011,30846.4,1054.0,2.347292682926829,5115.24,12570,6.030293788756735
E09000029,Sutton,2011,21226.4,587.0,2.3890375,5106.92,4323,4.15639955198045
E09000030,Tower Hamlets,2011,41516.8,2875.1292613636324,2.438209523809524,5032.56,23128,8.249638355032031
E09000031,Waltham Forest,2011,22209.2,504.0,2.650428571428572,4963.92,16153,4.474125288078777
E09000032,Wandsworth,2011,26026.0,982.0,2.279333333333333,5395.52,5299,4.823631457208943
E09000033,Westminster,2011,32115.2,927.0,1.860864406779661,5419.96,9350,5.9253573827113115
E09000001,City of London,2012,45229.6,35.0,1.2673333333333334,5436.599999999999,1147,8.3194643711143
E09000002,Barking and Dagenham,2012,28288.0,506.0,2.683943661971831,5287.88,13671,5.349591896941686
E09000003,Barnet,2012,23405.2,1374.0,2.5812482269503545,5709.08,815,4.099644776391292
E09000004,Bexley,2012,21013.2,418.0,2.466010526315789,5022.16,9765,4.184096086146201
E09000005,Brent,2012,21923.2,662.0,2.784601769911504,5552.56,16735,3.9483049260161076
E09000006,Bromley,2012,21491.6,692.0,2.3090882352941176,5284.24,1064,4.067112773076166
E09000007,Camden,2012,32760.0,564.0,2.24962,5796.96,18974,5.651237890204521
E09000008,Croydon,2012,25194.0,891.0,2.475744966442953,5577.52,8758,4.51706134626142
E09000009,Ealing,2012,25630.8,990.0,2.6614921875,5669.56,13870,4.52077409887187
E09000010,Enfield,2012,22396.4,549.0,2.6007131147540985,5640.44,6956,3.970683138194893
E09000011,Greenwich,2012,24174.8,114.0,2.476838095238095,5245.24,11656,4.6089025478338455
E09000012,Hackney,2012,27632.8,800.0,2.4242211538461538,5480.28,14171,5.042224119935478
E09000013,Hammersmith and Fulham,2012,30404.4,420.0,2.1668674698795183,5599.360000000001,8171,5.429977711738484
E09000014,Haringey,2012,24356.8,577.0,2.4658285714285717,5299.32,17763,4.596212344225297
E09000015,Harrow,2012,21179.6,715.0,2.785942528735632,5844.28,3953,3.623987899279295
E09000016,Havering,2012,21876.4,237.0,2.4215454545454547,5208.84,9365,4.199860237596087
E09000017,Hillingdon,2012,27913.6,1467.0,2.683390476190476,5613.92,9948,4.972211930344572
E09000018,Hounslow,2012,27060.8,232.0,2.670639175257732,5540.599999999999,12284,4.884091975598311
E09000019,Islington,2012,32978.4,919.0,2.153540816326531,5501.599999999999,13690,5.994328922495275
E09000020,Kensington and Chelsea,2012,26941.2,57.0,1.834470588235294,5489.639999999999,7551,4.9076442171071335
E09000021,Kingston upon Thames,2012,23868.0,203.0,2.5216307692307693,5778.76,7374,4.130297849365608
E09000022,Lambeth,2012,31085.6,535.0,2.3323308270676693,5156.32,27534,6.028640580879387
E09000023,Lewisham,2012,22349.6,1798.0,2.366016806722689,4823.0,17772,4.633962264150943
E09000024,Merton,2012,23920.0,413.0,2.496604938271605,5049.2,7295,4.737384140061792
E09000025,Newham,2012,23644.4,670.0,3.0200384615384617,5425.68,30975,4.357868506804677
E09000026,Redbridge,2012,20306.0,264.0,2.7903627450980397,5623.28,11290,3.6110597373774738
E09000027,Richmond upon Thames,2012,24913.2,485.0,2.278855421686747,5448.04,5587,4.572873914288442
E09000028,Southwark,2012,31709.6,1247.0,2.3671774193548387,5404.360000000001,14112,5.8674107572404495
E09000029,Sutton,2012,21959.6,227.0,2.420375,5362.76,5493,4.09483176573257
E09000030,Tower Hamlets,2012,40263.6,961.0,2.435212962962963,5388.76,23406,7.471774582649811
E09000031,Waltham Forest,2012,22906.0,468.0,2.652181818181818,5293.08,21864,4.3275370861577755
E09000032,Wandsworth,2012,24195.6,957.0,2.267,5763.68,5208,4.19794298087333
E09000033,Westminster,2012,32037.2,592.0,1.881159663865546,5708.04,2084,5.612644620570284
E09000001,City of London,2013,46748.0,437.0,1.2746666666666666,5872.360000000001,1312,7.960683609315504
E09000002,Barking and Dagenham,2013,29463.2,731.0,2.699333333333333,5598.84,11596,5.262375777839695
E09000003,Barnet,2013,23842.0,1113.0,2.581034965034965,6111.56,981,3.901131625967838
E09000004,Bexley,2013,19687.2,528.0,2.465489583333333,5229.12,9579,3.76491646778043
E09000005,Brent,2013,22843.6,734.0,2.807646017699115,5912.92,17580,3.8633365579104737
E09000006,Bromley,2013,21226.4,149.0,2.3374926470588235,5777.2,2335,3.6741674167416747
E09000007,Camden,2013,32515.6,454.0,2.274445544554456,6323.72,20720,5.1418468875914805
E09000008,Croydon,2013,24700.0,1295.0,2.4850133333333333,5948.28,8848,4.152460879447505
E09000009,Ealing,2013,25183.6,769.0,2.6549922480620154,6054.360000000001,9213,4.159580864038477
E09000010,Enfield,2013,21782.8,512.0,2.6058861788617884,6020.56,6315,3.618068751079633
E09000011,Greenwich,2013,24362.0,1112.0,2.514361904761905,5602.48,12490,4.348431408947467
E09000012,Hackney,2013,27237.6,1125.0,2.474798076923077,5769.400000000001,15090,4.721045515998196
E09000013,Hammersmith and Fulham,2013,28662.4,626.0,2.152831325301205,5996.12,768,4.780157835400225
E09000014,Haringey,2013,25376.0,474.0,2.4847735849056605,5675.28,9838,4.471321238775884
E09000015,Harrow,2013,17295.2,295.0,2.7656022727272727,6191.12,3676,2.793549470855031
E09000016,Havering,2013,22916.4,156.0,2.445252525252525,5578.04,11592,4.108324787918337
E09000017,Hillingdon,2013,29785.6,554.0,2.705735849056604,6015.360000000001,10879,4.951590594744121
E09000018,Hounslow,2013,26057.2,686.0,2.677622448979592,5899.92,9640,4.416534461484224
E09000019,Islington,2013,33774.0,1243.0,2.178494949494949,5904.08,19178,5.720450942399155
E09000020,Kensington and Chelsea,2013,25901.2,596.0,1.830517647058824,5817.76,8867,4.452091526635681
E09000021,Kingston upon Thames,2013,23810.8,261.0,2.5271666666666666,6187.48,5515,3.8482225397092193
E09000022,Lambeth,2013,30529.2,1254.0,2.345089552238806,5552.04,15070,5.498735599887609
E09000023,Lewisham,2013,24242.4,713.0,2.3651239669421487,5232.76,7830,4.632813276358939
E09000024,Merton,2013,23181.6,440.0,2.4783292682926827,5460.52,8196,4.245309970479002
E09000025,Newham,2013,23545.6,1969.0,3.030733333333333,5720.0,24179,4.116363636363636
E09000026,Redbridge,2013,22838.4,258.0,2.8261960784313724,5960.24,13338,3.831792008375502
E09000027,Richmond upon Thames,2013,24913.2,364.0,2.305602409638554,5651.360000000001,4415,4.408354803091645
E09000028,Southwark,2013,31564.0,1651.0,2.368769841269841,5747.04,14713,5.492218602967789
E09000029,Sutton,2013,23956.4,300.0,2.418691358024691,5727.8,979,4.182478438492964
E09000030,Tower Hamlets,2013,42853.2,660.0,2.503577981651376,5777.72,24428,7.416974169741697
E09000031,Waltham Forest,2013,19775.6,389.0,2.6848181818181818,5734.04,25054,3.4488074725673346
E09000032,Wandsworth,2013,24762.4,1199.0,2.266540145985401,6194.24,5919,3.9976494291470788
E09000033,Westminster,2013,31891.6,530.0,1.8903416666666664,6105.84,4161,5.223130642139329
E09000001,City of London,2014,45614.4,226.0,1.3453333333333333,6009.12,476,7.590861889927311
E09000002,Barking and Dagenham,2014,23264.8,514.0,2.7163561643835616,6287.84,11024,3.6999669202778693
E09000003,Barnet,2014,23452.0,1324.0,2.603576388888889,6411.08,1045,3.6580420147619432
E09000004,Bexley,2014,21725.6,810.0,2.49859375,5530.2,3481,3.9285378467324867
E09000005,Brent,2014,23025.6,1559.0,2.813701754385965,6143.8,5102,3.747778247989843
E09000006,Bromley,2014,20826.0,411.0,2.362338235294118,5807.88,3126,3.5858178887993555
E09000007,Camden,2014,31824.0,439.0,2.3252079207920797,6611.28,22409,4.813591316658801
E09000008,Croydon,2014,24351.6,1523.0,2.4903311258278147,6158.88,5102,3.953900709219858
E09000009,Ealing,2014,23514.4,897.0,2.631676923076923,6288.88,10676,3.739044154126013
E09000010,Enfield,2014,20571.2,399.0,2.6388130081300814,6245.72,2237,3.2936474898010157
E09000011,Greenwich,2014,24273.6,1148.0,2.534698113207547,5779.8,11375,4.199730094466936
E09000012,Hackney,2014,26483.6,1258.0,2.506190476190476,6010.16,7926,4.406471707907943
E09000013,Hammersmith and Fulham,2014,29712.8,1360.0,2.123392857142857,6298.76,433,4.717245934120366
E09000014,Haringey,2014,24107.2,133.0,2.500383177570093,5921.76,9203,4.070951879171057
E09000015,Harrow,2014,16780.399999999998,410.0,2.7955795454545456,6545.76,687,2.5635525897680327
E09000016,Havering,2014,22152.0,642.0,2.45974,5744.44,2271,3.8562505657644612
E09000017,Hillingdon,2014,28345.2,545.0,2.735420560747664,6227.52,3606,4.551603206412826
E09000018,Hounslow,2014,27788.8,397.0,2.709877551020408,6139.639999999999,6842,4.5261285677987635
E09000019,Islington,2014,31990.4,498.0,2.2103,6177.599999999999,17860,5.178451178451179
E09000020,Kensington and Chelsea,2014,24913.2,984.0,1.8161627906976745,6138.599999999999,2677,4.058449809402796
E09000021,Kingston upon Thames,2014,23410.4,526.0,2.575121212121212,6471.400000000001,6436,3.6175170751305745
E09000022,Lambeth,2014,31293.6,1411.0,2.3571555555555554,5798.52,15264,5.396825396825396
E09000023,Lewisham,2014,23202.4,1468.0,2.412669421487603,5404.88,8294,4.292861266115066
E09000024,Merton,2014,22968.4,425.0,2.481890243902439,5707.52,7625,4.024234693877551
E09000025,Newham,2014,23114.0,2050.0,3.0310467289719627,6702.279999999999,15582,3.4486771665761506
E09000026,Redbridge,2014,22640.8,257.0,2.8730882352941176,6497.400000000001,7804,3.4845938375350136
E09000027,Richmond upon Thames,2014,23920.0,241.0,2.304583333333333,5932.16,4008,4.032258064516129
E09000028,Southwark,2014,31501.6,1141.0,2.382188976377953,6048.639999999999,13436,5.208046767537827
E09000029,Sutton,2014,20727.2,427.0,2.4460987654320987,5963.360000000001,1496,3.4757586327171257
E09000030,Tower Hamlets,2014,42504.8,916.0,2.5819545454545456,6017.96,20425,7.062991445606153
E09000031,Waltham Forest,2014,18876.0,671.0,2.6802,6128.72,20635,3.07992533514339
E09000032,Wandsworth,2014,25152.4,1084.0,2.2619202898550723,6337.76,2788,3.9686576960945192
E09000033,Westminster,2014,32281.6,749.0,1.9441,6345.56,4378,5.087273621240678
E09000001,City of London,2015,45723.6,77.0,1.46,6471.92,693,7.064920456371524
E09000002,Barking and Dagenham,2015,24440.0,732.0,2.7668356164383563,6605.56,13579,3.6999134062819805
E09000003,Barnet,2015,23857.6,1458.0,2.6185586206896554,6612.32,3065,3.608052846807172
E09000004,Bexley,2015,21668.4,-132.0,2.496309278350516,5782.92,4612,3.746965200971136
E09000005,Brent,2015,25131.6,1051.0,2.793206896551724,6404.32,3737,3.924163689509581
E09000006,Bromley,2015,24018.8,700.0,2.3712189781021897,6028.88,3228,3.983957219251337
E09000007,Camden,2015,32110.0,965.0,2.3633235294117645,6882.2,24644,4.665659236871931
E09000008,Croydon,2015,23868.0,2044.0,2.477326797385621,6401.72,5009,3.7283729997563153
E09000009,Ealing,2015,24913.2,721.0,2.618770992366412,6566.04,10607,3.7942504157757186
E09000010,Enfield,2015,22427.6,672.0,2.648653225806452,6528.08,1945,3.4355583877648557
E09000011,Greenwich,2015,24273.6,1720.0,2.568252336448598,6044.48,11468,4.0158293186510665
E09000012,Hackney,2015,26327.6,826.0,2.514102803738318,6252.48,10715,4.210745176314038
E09000013,Hammersmith and Fulham,2015,29307.2,368.0,2.110705882352941,6664.839999999999,518,4.397284856050558
E09000014,Haringey,2015,24913.2,239.0,2.550130841121496,6176.04,10902,4.033846931043193
E09000015,Harrow,2015,19084.0,910.0,2.8082954545454544,6792.24,762,2.8096769254325524
E09000016,Havering,2015,21788.0,1012.0,2.49085,6156.8,2354,3.5388513513513513
E09000017,Hillingdon,2015,28646.8,709.0,2.782570093457944,6436.56,3567,4.450638229116174
E09000018,Hounslow,2015,30149.6,480.0,2.714848484848485,6408.48,8504,4.704641350210971
E09000019,Islington,2015,32557.2,1027.0,2.254376237623762,6478.68,19196,5.025282928003852
E09000020,Kensington and Chelsea,2015,27003.6,384.0,1.8127701149425288,6414.2,2599,4.20997162545602
E09000021,Kingston upon Thames,2015,22926.8,239.0,2.629166666666667,6724.639999999999,7105,3.409372100216517
E09000022,Lambeth,2015,30518.8,1347.0,2.385522058823529,6078.8,17076,5.0205303678357565
E09000023,Lewisham,2015,24325.6,1539.0,2.417276422764228,5677.360000000001,8442,4.284667521524088
E09000024,Merton,2015,23368.8,508.0,2.4646385542168674,5895.76,8229,3.96366202152055
E09000025,Newham,2015,23384.4,1441.0,3.053366972477064,6995.040000000001,16757,3.3429973238180195
E09000026,Redbridge,2015,22552.4,54.0,2.881485436893204,6738.68,7779,3.3467088509915888
E09000027,Richmond upon Thames,2015,25454.0,513.0,2.318214285714286,6193.2,4101,4.109991603694374
E09000028,Southwark,2015,33503.6,1382.0,2.4132890625,6289.92,7832,5.326554232804233
E09000029,Sutton,2015,22682.4,391.0,2.470925925925926,6185.92,1319,3.6667787491593815
E09000030,Tower Hamlets,2015,40118.0,2394.0,2.659783783783784,6384.56,19783,6.283596676983222
E09000031,Waltham Forest,2015,19931.6,973.0,2.7117,6271.2,15405,3.1782752902155886
E09000032,Wandsworth,2015,26280.8,2738.0,2.262906474820144,6627.400000000001,3399,3.96547665751275
E09000033,Westminster,2015,32952.4,908.0,2.002471074380165,6654.44,4562,4.95194186137376
E09000001,City of London,2016,47247.2,7.0,1.5668333333333333,6586.84,771,7.172969132391252
E09000002,Barking and Dagenham,2016,24913.2,596.0,2.79,6682.304827586207,6704,3.7282345901300626
E09000003,Barnet,2016,22365.2,1799.0,2.6264149659863945,6870.638561202574,3213,3.255185060424049
E09000004,Bexley,2016,23207.6,764.0,2.5232989690721648,5870.192086699508,5017,3.9534651774995626
E09000005,Brent,2016,25407.2,1364.0,2.8055897435897434,7081.988285597714,3630,3.5875800658509074
E09000006,Bromley,2016,22703.2,858.0,2.3687608695652176,6142.951770036395,2793,3.69581283557196
E09000007,Camden,2016,32692.4,1208.0,2.390106796116505,6977.250146750526,2930,4.685570864221579
E09000008,Croydon,2016,26244.4,2835.0,2.4664774193548387,6548.4083520847125,4530,4.007752508538199
E09000009,Ealing,2016,24658.4,845.0,2.6198167938931296,6893.468420282791,11452,3.5770672318519794
E09000010,Enfield,2016,22391.2,898.0,2.672540322580645,6699.690120742475,1843,3.342124724646004
E09000011,Greenwich,2016,23290.8,2380.0,2.566660550458716,6209.925999624554,11562,3.750576094048164
E09000012,Hackney,2016,27996.8,1196.0,2.532648148148148,6424.511292170592,11238,4.357810069400776
E09000013,Hammersmith and Fulham,2016,30711.2,974.0,2.089,6794.142703464948,1402,4.520246532993424
E09000014,Haringey,2016,24070.8,741.0,2.6023457943925234,6398.859651516998,8290,3.7617327634766076
E09000015,Harrow,2016,23920.0,656.0,2.7949662921348315,7144.329300648884,1050,3.3481099475394376
E09000016,Havering,2016,24554.4,443.0,2.50280198019802,6244.386409564212,2615,3.9322358338348926
E09000017,Hillingdon,2016,27487.2,764.0,2.8006574074074075,6571.137068427811,2314,4.183020337844893
E09000018,Hounslow,2016,30825.6,557.0,2.738777777777778,6595.42654879066,3130,4.6737841399586495
E09000019,Islington,2016,35230.0,674.0,2.282990196078432,6624.847318007663,20733,5.317858406221348
E09000020,Kensington and Chelsea,2016,25147.2,355.0,1.801448275862069,6587.691927877949,2753,3.8173005470370422
E09000021,Kingston upon Thames,2016,25277.2,273.0,2.6284626865671643,6906.015400384369,8542,3.6601713918264855
E09000022,Lambeth,2016,29894.8,1135.0,2.3761594202898557,6211.686673866091,18792,4.812670305115982
E09000023,Lewisham,2016,25511.2,1604.0,2.4344112903225805,5813.329013292987,9058,4.388397756546221
E09000024,Merton,2016,24315.2,434.0,2.4702289156626507,6037.676907997328,8938,4.027244314413845
E09000025,Newham,2016,23613.2,2377.0,3.0998,7341.611624330903,17453,3.216351015047333
E09000026,Redbridge,2016,23088.0,755.0,2.9053300970873788,6872.1151724137935,7901,3.3596642985089065
E09000027,Richmond upon Thames,2016,26218.4,465.0,2.3315,6408.836545431821,4908,4.090976546856748
E09000028,Southwark,2016,32921.200000000004,2412.0,2.4094076923076924,6426.358713815512,7096,5.122838837057969
E09000029,Sutton,2016,22058.4,653.0,2.46609756097561,6234.302586249691,1162,3.538230571074905
E09000030,Tower Hamlets,2016,39020.8,4827.0,2.6978230088495576,6568.024644542432,19124,5.9410252110463
E09000031,Waltham Forest,2016,20108.4,1033.0,2.731118811881188,6391.132691654399,8306,3.146296747407191
E09000032,Wandsworth,2016,25911.6,2336.0,2.2260281690140844,6997.161112135986,3846,3.7031589790120045
E09000033,Westminster,2016,33540.0,1342.0,2.029622950819672,7358.754540816326,4453,4.557836494472789
E09000001,City of London,2017,48791.6,138.0,1.2756666666666667,6600.360000000001,853,7.3922634522965405
E09000002,Barking and Dagenham,2017,23925.2,413.0,2.80948,6694.637213391952,6795,3.5737858882240894
E09000003,Barnet,2017,23160.8,2208.0,2.602704697986577,6780.336183695265,2683,3.415877822650591
E09000004,Bexley,2017,23415.6,277.0,2.511469387755102,5858.702595753126,6022,3.996721051683622
E09000005,Brent,2017,23904.4,694.0,2.789,6965.844759679571,3274,3.4316584455579515
E09000006,Bromley,2017,22588.8,554.0,2.386891304347826,6079.7271080658375,3777,3.715429919548847
E09000007,Camden,2017,32890.0,945.0,2.4361634615384617,7049.75427181317,2967,4.665410840134264
E09000008,Croydon,2017,26577.2,2076.0,2.451191082802548,6467.473889510176,5052,4.109363323925667
E09000009,Ealing,2017,25079.6,1457.0,2.5964848484848484,6872.26346877622,12684,3.6493944264430325
E09000010,Enfield,2017,22822.8,386.0,2.66164,6518.978438304446,3246,3.500977985430505
E09000011,Greenwich,2017,25911.6,1901.0,2.548189189189189,6139.770215588722,12826,4.2202882339490655
E09000012,Hackney,2017,28173.6,1267.0,2.5314587155963304,6387.867105187237,12372,4.4104862446373945
E09000013,Hammersmith and Fulham,2017,31475.6,1531.0,2.103425287356322,6763.211467999999,1577,4.653942901079787
E09000014,Haringey,2017,23920.0,1200.0,2.5113333333333334,6274.94359375,9194,3.8119864573483837
E09000015,Harrow,2017,21595.6,700.0,2.7653333333333334,6974.605227192674,1637,3.0963186153967275
E09000016,Havering,2017,23036.0,277.0,2.510186274509804,6288.371546391753,2204,3.663269549207534
E09000017,Hillingdon,2017,27908.4,842.0,2.773788990825688,6553.156268602544,1826,4.258772239831151
E09000018,Hounslow,2017,29926.0,911.0,2.691,6516.598661457448,3376,4.592272986979837
E09000019,Islington,2017,34990.8,367.0,2.303921568627451,6592.510897832816,18033,5.307659030416268
E09000020,Kensington and Chelsea,2017,28054.0,335.0,1.7901264367816092,6547.71099532114,2718,4.284550741480009
E09000021,Kingston upon Thames,2017,25272.0,217.0,2.6061044776119404,6822.62021949645,9732,3.704148726875087
E09000022,Lambeth,2017,31460.0,1543.0,2.3312805755395685,6169.825114040365,20438,5.099010007335222
E09000023,Lewisham,2017,25329.2,526.0,2.3913253968253967,5745.06570501028,9596,4.40886167375081
E09000024,Merton,2017,24897.6,648.0,2.453,5986.489845594913,9581,4.15896470923117
E09000025,Newham,2017,23462.4,1846.0,3.0796106194690265,7273.051041545896,25729,3.225936387078213
E09000026,Redbridge,2017,18683.6,462.0,2.9299514563106794,6828.931235494879,8335,2.7359478893106814
E09000027,Richmond upon Thames,2017,26182.0,382.0,2.3021176470588234,6386.849471822087,3068,4.099360743589062
E09000028,Southwark,2017,33430.8,818.0,2.3805454545454547,6368.696268558231,6665,5.249237613205911
E09000029,Sutton,2017,23145.2,697.0,2.478573170731708,6224.421982694684,1375,3.718449691288436
E09000030,Tower Hamlets,2017,42198.0,2003.0,2.609864406779661,6544.372866291784,18616,6.447982237893256
E09000031,Waltham Forest,2017,22443.2,712.0,2.701029411764706,6345.869436619719,8795,3.5366627416707326
E09000032,Wandsworth,2017,28516.8,2247.0,2.2448402777777776,6824.578801378945,4400,4.178543589274406
E09000033,Westminster,2017,35885.200000000004,1143.0,1.9902113821138208,6766.183223293009,4222,5.303610442658862
E09000001,City of London,2018,51209.6,351.0,1.451,6595.16,656,7.76472443428211
E09000002,Barking and Dagenham,2018,25438.4,906.0,2.82664,6162.76824964132,4587,4.127755412753116
E09000003,Barnet,2018,21366.8,2209.0,2.596953642384106,6639.513224199287,2648,3.2181274859312894
E09000004,Bexley,2018,24263.2,486.0,2.5230408163265308,5759.173298701298,6613,4.212965775048198
E09000005,Brent,2018,22921.6,1741.0,2.7797899159663864,6531.280540818074,3498,3.509510861882065
E09000006,Bromley,2018,21346.0,708.0,2.381985611510792,6017.539148936168,3438,3.5472972375715623
E09000007,Camden,2018,34429.200000000004,827.0,2.497390476190476,6943.226479241583,3074,4.958674486988756
E09000008,Croydon,2018,26748.8,1590.0,2.4235597484276727,6416.436909193458,5138,4.1687934251600565
E09000009,Ealing,2018,26213.2,1754.0,2.55210447761194,6599.918903225806,13685,3.971745772086369
E09000010,Enfield,2018,21897.2,500.0,2.649753968253968,6354.602336722384,3444,3.4458804563519347
E09000011,Greenwich,2018,25568.4,1514.0,2.5326194690265487,6201.2530433911215,13618,4.123102189363016
E09000012,Hackney,2018,28558.4,1522.0,2.542409090909091,6240.577688941455,12766,4.57624300561254
E09000013,Hammersmith and Fulham,2018,35932.0,1046.0,2.1071136363636365,6691.3979775280895,1644,5.369879376577428
E09000014,Haringey,2018,24341.2,568.0,2.482788990825688,6140.669346658337,9650,3.963932696237117
E09000015,Harrow,2018,21314.8,1229.0,2.7488901098901097,6807.479869328496,1883,3.131085278126946
E09000016,Havering,2018,24315.2,466.0,2.527549019607843,6140.832179327523,2234,3.9595936332301362
E09000017,Hillingdon,2018,27710.8,957.0,2.7711272727272727,6454.65277354635,1687,4.293151153470179
E09000018,Hounslow,2018,29894.8,1264.0,2.681009900990099,6466.155474277901,2157,4.6232726879086465
E09000019,Islington,2018,34944.0,916.0,2.321766990291262,6499.272861377506,14469,5.376601466859125
E09000020,Kensington and Chelsea,2018,28428.4,115.0,1.7749659090909091,6599.96882108183,3330,4.307353681610298
E09000021,Kingston upon Thames,2018,25136.8,501.0,2.618955223880597,6791.944629271437,9732,3.7009724566462476
E09000022,Lambeth,2018,30487.6,1219.0,2.3279785714285715,6124.487042679632,23364,4.977984243829967
E09000023,Lewisham,2018,24913.2,1628.0,2.409015873015873,5715.434079047103,9921,4.358934011912113
E09000024,Merton,2018,24138.4,273.0,2.454595238095238,5912.073389888023,9802,4.082899248389945
E09000025,Newham,2018,24169.6,2505.0,3.0877631578947367,6207.738309296652,26139,3.89346309328211
E09000026,Redbridge,2018,19770.4,764.0,2.921711538461538,6485.852161687172,5408,3.048234758847341
E09000027,Richmond upon Thames,2018,26535.6,423.0,2.316517647058824,6379.502897220097,3944,4.159509044437151
E09000028,Southwark,2018,35687.6,3208.0,2.3853834586466167,6361.047604954692,6778,5.610333740027746
E09000029,Sutton,2018,21548.8,575.0,2.464156626506024,6111.139206310081,1587,3.5261510616137985
E09000030,Tower Hamlets,2018,42333.2,1524.0,2.6475416666666667,6496.099017168059,18808,6.516711011965907
E09000031,Waltham Forest,2018,23571.6,613.0,2.6864077669902917,6070.236541598694,7330,3.8831435708421402
E09000032,Wandsworth,2018,28745.6,1913.0,2.2361232876712327,6675.8412695026,5202,4.305914242047543
E09000033,Westminster,2018,37752.0,803.0,2.042592,6783.984776585773,3907,5.564870978233493
E09000001,City of London,2019,51058.8,297.0,1.3887142857142858,6582.68,780,7.756536851252074
E09000002,Barking and Dagenham,2019,23436.4,741.0,2.8013947368421053,6079.84,4856,3.8547724940130004
E09000003,Barnet,2019,23327.2,1990.0,2.58737908496732,6654.44,2914,3.505509103696179
E09000004,Bexley,2019,24960.0,208.0,2.5335408163265307,5674.24,6553,4.398826979472141
E09000005,Brent,2019,28834.0,2433.0,2.748091666666667,6952.92,3319,4.147034627178222
E09000006,Bromley,2019,24908.0,485.0,2.373828571428572,6024.72,3501,4.134300017262213
E09000007,Camden,2019,35677.200000000004,985.0,2.547443396226415,6818.24,5991,5.232611348383161
E09000008,Croydon,2019,28230.8,1657.0,2.4019254658385094,6354.400000000001,5468,4.442716857610474
E09000009,Ealing,2019,26114.4,1808.0,2.531896296296296,6788.6,8670,3.8468019915741096
E09000010,Enfield,2019,20930.0,420.0,2.6491587301587303,6384.04,4424,3.2784882300236213
E09000011,Greenwich,2019,23888.8,3052.0,2.52580701754386,6170.32,15386,3.8715658183043993
E09000012,Hackney,2019,29894.8,646.0,2.51,6194.76,12951,4.825820532191723
E09000013,Hammersmith and Fulham,2019,31995.6,1149.0,2.0802584269662923,6685.12,1893,4.786092097075295
E09000014,Haringey,2019,25500.8,865.0,2.464651376146789,6199.96,10347,4.113058793927703
E09000015,Harrow,2019,24731.2,1200.0,2.73,6871.279999999999,2012,3.5992129559558053
E09000016,Havering,2019,27638.0,508.0,2.5446274509803923,6049.16,1987,4.568898822315826
E09000017,Hillingdon,2019,28360.8,1646.0,2.7645945945945947,6470.88,1738,4.382835101253616
E09000018,Hounslow,2019,30955.6,1545.0,2.661990196078432,6412.639999999999,1833,4.827278624716186
E09000019,Islington,2019,36498.8,757.0,2.3314134615384616,6486.48,14567,5.6269039602372946
E09000020,Kensington and Chelsea,2019,29114.8,511.0,1.7741931818181818,6571.24,3311,4.430640183587877
E09000021,Kingston upon Thames,2019,28719.6,613.0,2.610397058823529,6621.16,1755,4.337548103353491
E09000022,Lambeth,2019,31226.0,1517.0,2.2960140845070423,6098.04,25198,5.120661720815213
E09000023,Lewisham,2019,26249.6,1251.0,2.389390625,5692.44,9512,4.611309034438659
E09000024,Merton,2019,24346.4,346.0,2.4299764705882354,5890.04,10215,4.13348636002472
E09000025,Newham,2019,26358.8,3368.0,3.0182393162393164,6168.76,27635,4.2729495068701
E09000026,Redbridge,2019,21975.2,624.0,2.9068761904761904,6467.76,5434,3.3976523556841935
E09000027,Richmond upon Thames,2019,27107.6,313.0,2.302546511627907,6246.76,4336,4.339465578956131
E09000028,Southwark,2019,35609.6,1458.0,2.3443382352941176,6325.8,6772,5.629264282778462
E09000029,Sutton,2019,25948.0,573.0,2.4565357142857143,6088.68,1591,4.261679050303186
E09000030,Tower Hamlets,2019,41324.4,4564.0,2.661844262295082,6457.88,19826,6.399065947338755
E09000031,Waltham Forest,2019,25022.4,915.0,2.663298076923077,6057.48,8379,4.130826680401752
E09000032,Wandsworth,2019,29894.8,1315.0,2.2275472972972974,6656.52,6399,4.491055386297945
E09000033,Westminster,2019,37871.6,1110.0,2.090536,7297.160000000001,3998,5.189909499037981
E09000001,City of London,2020,54792.4,206.0,1.5625714285714285,6561.360000000001,782,8.350768743065462
E09000002,Barking and Dagenham,2020,25823.2,1048.0,2.780610389610389,6338.28,5350,4.074165230945935
E09000003,Barnet,2020,23977.2,2250.0,2.5742387096774197,6550.96,1678,3.6601047785362755
E09000004,Bexley,2020,22895.6,632.0,2.5181919191919198,5653.96,6589,4.049480364204911
E09000005,Brent,2020,30196.4,2404.0,2.6646585365853657,6792.24,3051,4.445720410350636
E09000006,Bromley,2020,22989.2,272.0,2.3768,5901.48,1634,3.89549740065204
E09000007,Camden,2020,34944.0,509.0,2.6122990654205607,6744.92,6364,5.180787911494873
E09000008,Croydon,2020,26665.6,2029.0,2.3838220858895705,6286.8,5819,4.241521918941274
E09000009,Ealing,2020,27440.4,1681.0,2.4842408759124086,6538.48,9545,4.196755209161763
E09000010,Enfield,2020,24039.6,791.0,2.6266692913385827,6268.599999999999,3712,3.8349232683533803
E09000011,Greenwich,2020,22958.0,991.0,2.4703760683760683,6104.28,16982,3.7609677144560867
E09000012,Hackney,2020,30076.8,969.0,2.5084017857142857,6224.400000000001,13440,4.832080200501252
E09000013,Hammersmith and Fulham,2020,35510.8,1421.0,2.0393777777777777,6672.12,1929,5.322266386096174
E09000014,Haringey,2020,25880.4,1432.0,2.4214272727272728,6147.44,10884,4.2099475554051775
E09000015,Harrow,2020,21231.6,775.0,2.713311827956989,6778.720000000001,1915,3.1320957348880016
E09000016,Havering,2020,25833.6,486.0,2.530592233009709,6191.639999999999,1995,4.172335600907029
E09000017,Hillingdon,2020,29894.8,718.0,2.7590535714285718,6338.28,2229,4.716547706948888
E09000018,Hounslow,2020,30612.4,1400.0,2.613144230769231,6357.0,1930,4.815541922290389
E09000019,Islington,2020,35874.8,651.0,2.385721153846154,6532.76,14164,5.491522725463663
E09000020,Kensington and Chelsea,2020,29234.4,267.0,1.7825454545454549,6504.68,3243,4.494364057878328
E09000021,Kingston upon Thames,2020,27112.8,479.0,2.634441176470588,6604.0,2867,4.1055118110236215
E09000022,Lambeth,2020,33066.8,1198.0,2.2504405594405594,6056.44,27674,5.459775049368937
E09000023,Lewisham,2020,27882.4,181.0,2.3667364341085277,5613.92,9768,4.966654316413487
E09000024,Merton,2020,23920.0,604.0,2.428858823529412,5943.599999999999,9678,4.024496937882765
E09000025,Newham,2020,26431.6,1813.0,2.96055,6328.400000000001,28020,4.176663927691043
E09000026,Redbridge,2020,20082.4,475.0,2.9110285714285715,6366.360000000001,5979,3.154455607285796
E09000027,Richmond upon Thames,2020,24008.4,232.0,2.3039651162790697,6243.12,4467,3.845577211394303
E09000028,Southwark,2020,38480.0,1096.0,2.318963768115942,6266.52,8088,6.140569247365363
E09000029,Sutton,2020,26478.4,313.0,2.472702380952381,6017.96,1999,4.399896310377604
E09000030,Tower Hamlets,2020,44792.8,3248.0,2.634674603174603,6439.68,20073,6.955749354005168
E09000031,Waltham Forest,2020,24414.0,1415.0,2.6375238095238096,6102.2,8409,4.000852151683
E09000032,Wandsworth,2020,27788.8,1415.0,2.212986577181208,6651.32,7199,4.177937612383707
E09000033,Westminster,2020,40008.8,622.0,2.141650793650794,6712.160000000001,3466,5.9606445615122405
E09000001,City of London,2021,56643.6,,,6684.6,903,8.47374562427071
E09000002,Barking and Dagenham,2021,25376.0,,,6172.92,5585,4.110858394406537
E09000003,Barnet,2021,24102.0,,,6696.56,3171,3.5991613604596986
E09000004,Bexley,2021,24299.6,,,5835.44,6365,4.16414186419533
E09000005,Brent,2021,30092.4,,,6645.08,24002,4.528523358635261
E09000006,Bromley,2021,25625.6,,,6048.639999999999,2408,4.236588720770289
E09000007,Camden,2021,36732.8,,,7007.0,7062,5.2423005565862715
E09000008,Croydon,2021,31491.2,,,6449.04,5470,4.883083373649412
E09000009,Ealing,2021,27357.2,,,6718.92,10875,4.071666279699714
E09000010,Enfield,2021,24148.8,,,6410.04,4572,3.767339985397907
E09000011,Greenwich,2021,28428.4,,,6273.8,19132,4.5312888520513885
E09000012,Hackney,2021,31616.0,,,6313.32,13440,5.007824726134586
E09000013,Hammersmith and Fulham,2021,35750.0,,,6782.88,1957,5.270622508432996
E09000014,Haringey,2021,24627.2,,,6300.32,11640,3.908880818752064
E09000015,Harrow,2021,24200.8,,,6935.24,2013,3.489540376396491
E09000016,Havering,2021,24913.2,,,6143.28,2148,4.055358049771458
E09000017,Hillingdon,2021,29286.4,,,6500.0,2738,4.5056
E09000018,Hounslow,2021,33914.4,,,6531.72,3338,5.19226176259852
E09000019,Islington,2021,39187.2,,,6687.720000000001,14435,5.859575460695123
E09000020,Kensington and Chelsea,2021,28194.4,,,6696.56,3192,4.210281099549619
E09000021,Kingston upon Thames,2021,29894.8,,,6774.56,2812,4.412803193122505
E09000022,Lambeth,2021,30799.6,,,6228.56,30864,4.944898981466021
E09000023,Lewisham,2021,27128.4,,,5769.92,10088,4.7016943042537855
E09000024,Merton,2021,29213.6,,,6091.28,9125,4.795970633430084
E09000025,Newham,2021,32822.4,,,6298.24,31887,5.2113606340819025
E09000026,Redbridge,2021,21632.0,,,6513.0,7582,3.3213572854291415
E09000027,Richmond upon Thames,2021,27341.6,,,6425.12,4893,4.25542246681774
E09000028,Southwark,2021,39691.6,,,6431.88,10013,6.171072843398819
E09000029,Sutton,2021,27008.8,,,6182.8,2472,4.368376787216148
E09000030,Tower Hamlets,2021,42426.8,,,6588.92,21152,6.439112935048536
E09000031,Waltham Forest,2021,24913.2,,,6152.639999999999,8580,4.0491886409736315
E09000032,Wandsworth,2021,29894.8,,,6814.08,8498,4.387210012210012
E09000033,Westminster,2021,40918.8,,,6914.44,3910,5.917876212679553
E09000001,City of London,2022,55224.0,,,6793.8,899,8.128587830080367
E09000002,Barking and Dagenham,2022,27383.2,,,6228.04,5996,4.396760457543626
E09000003,Barnet,2022,27227.2,,,6790.160000000001,3241,4.009802419972431
E09000004,Bexley,2022,23966.8,,,5892.639999999999,6116,4.067243205082951
E09000005,Brent,2022,37268.4,,,6733.4800000000005,25218,5.534790331299714
E09000006,Bromley,2022,29827.2,,,6126.639999999999,2618,4.868443388219318
E09000007,Camden,2022,39483.6,,,7117.76,7017,5.547194623027469
E09000008,Croydon,2022,32115.2,,,6541.08,5470,4.909770252007314
E09000009,Ealing,2022,29894.8,,,6821.360000000001,12094,4.3825278243634695
E09000010,Enfield,2022,27882.4,,,6502.08,5622,4.288227767114524
E09000011,Greenwich,2022,29577.6,,,6361.68,20479,4.649337910740559
E09000012,Hackney,2022,36504.0,,,6416.8,8235,5.688816855753647
E09000013,Hammersmith and Fulham,2022,37866.4,,,6878.040000000001,1719,5.505405609737657
E09000014,Haringey,2022,25734.8,,,6298.76,11807,4.085693057046148
E09000015,Harrow,2022,25802.4,,,7024.160000000001,2061,3.6733787385253183
E09000016,Havering,2022,26145.6,,,6216.599999999999,1922,4.20577164366374
E09000017,Hillingdon,2022,29603.6,,,6591.0,3109,4.491518737672584
E09000018,Hounslow,2022,32520.8,,,6631.56,5036,4.903944169999216
E09000019,Islington,2022,39774.8,,,6682.0,15402,5.952529182879378
E09000020,Kensington and Chelsea,2022,31928.0,,,6784.44,3055,4.706062696405304
E09000021,Kingston upon Thames,2022,30196.4,,,6881.160000000001,3116,4.388271744880224
E09000022,Lambeth,2022,32203.6,,,6321.639999999999,33640,5.094184420498478
E09000023,Lewisham,2022,32084.0,,,5860.92,10183,5.4742258894508025
E09000024,Merton,2022,25963.6,,,6180.2,9415,4.201093815734119
E09000025,Newham,2022,33742.8,,,6371.04,33246,5.296278158667973
E09000026,Redbridge,2022,22807.2,,,6594.639999999999,6990,3.4584450402144777
E09000027,Richmond upon Thames,2022,28683.2,,,6548.88,5174,4.379863427028744
E09000028,Southwark,2022,39447.2,,,6527.04,11304,6.04365838113448
E09000029,Sutton,2022,29894.8,,,6277.44,2601,4.762259774685222
E09000030,Tower Hamlets,2022,49826.4,,,6692.4,21840,7.445221445221446
E09000031,Waltham Forest,2022,24939.2,,,6222.32,9508,4.008022731071369
E09000032,Wandsworth,2022,30300.4,,,6891.040000000001,9228,4.397072140054331
E09000033,Westminster,2022,40461.2,,,7013.76,4004,5.768831553973902
E09000001,City of London,2023,56310.8,,,7009.6,907,8.033382789317507
E09000002,Barking and Dagenham,2023,27393.6,,,6527.56,4337,4.196606388911017
E09000003,Barnet,2023,29354.0,,,7088.639999999999,4149,4.140991784037559
E09000004,Bexley,2023,29458.0,,,6152.12,1211,4.788268109204632
E09000005,Brent,2023,28813.2,,,7003.360000000001,28150,4.114196614196614
E09000006,Bromley,2023,28392.0,,,6354.92,2772,4.46771949922265
E09000007,Camden,2023,39894.4,,,7419.360000000001,7423,5.377067563779086
E09000008,Croydon,2023,34226.4,,,6814.08,6979,5.022893772893773
E09000009,Ealing,2023,32916.0,,,7102.160000000001,12669,4.634646361107043
E09000010,Enfield,2023,27934.4,,,6763.12,5991,4.130401353221591
E09000011,Greenwich,2023,29395.6,,,6629.48,22405,4.434073260647894
E09000012,Hackney,2023,40679.6,,,6685.639999999999,8234,6.084623162479583
E09000013,Hammersmith and Fulham,2023,38641.2,,,7196.279999999999,1623,5.369607630609148
E09000014,Haringey,2023,25417.6,,,6655.48,12826,3.8190483631533714
E09000015,Harrow,2023,27606.8,,,7336.160000000001,2163,3.763113127303657
E09000016,Havering,2023,32614.4,,,6474.0,2553,5.037751004016065
E09000017,Hillingdon,2023,31803.2,,,6865.56,3451,4.632280542300992
E09000018,Hounslow,2023,34881.6,,,6901.44,7899,5.054249547920434
E09000019,Islington,2023,42042.0,,,7078.76,15742,5.939175787849849
E09000020,Kensington and Chelsea,2023,34122.4,,,7115.68,3022,4.795381467407191
E09000021,Kingston upon Thames,2023,30596.8,,,7165.08,2667,4.270266347340155
E09000022,Lambeth,2023,36758.8,,,6602.96,35924,5.567018428098914
E09000023,Lewisham,2023,29894.8,,,6110.0,10694,4.892765957446809
E09000024,Merton,2023,30940.0,,,6346.599999999999,10070,4.875051208521098
E09000025,Newham,2023,35547.200000000004,,,6664.32,35625,5.333957553058678
E09000026,Redbridge,2023,25199.2,,,6861.92,7517,3.6723249469536223
E09000027,Richmond upon Thames,2023,31891.6,,,6830.720000000001,5385,4.668848964677222
E09000028,Southwark,2023,39962.0,,,6808.88,11893,5.869100351305941
E09000029,Sutton,2023,31860.4,,,6528.599999999999,2674,4.880127439267225
E09000030,Tower Hamlets,2023,51006.8,,,6987.24,23609,7.299992557862619
E09000031,Waltham Forest,2023,29614.0,,,6506.24,8944,4.551630434782608
E09000032,Wandsworth,2023,36873.2,,,7180.160000000001,9793,5.135428736964077
E09000033,Westminster,2023,44844.8,,,7337.2,4336,6.111977321048902
E09000001,City of London,2024,59488.0,,,,1072,
E09000002,Barking and Dagenham,2024,29770.0,,,,3940,
E09000003,Barnet,2024,29281.2,,,,4437,
E09000004,Bexley,2024,28152.8,,,,1479,
E09000005,Brent,2024,32115.2,,,,33263,
E09000006,Bromley,2024,36098.4,,,,3201,
E09000007,Camden,2024,44200.0,,,,8028,
E09000008,Croydon,2024,36758.8,,,,8149,
E09000009,Ealing,2024,34668.4,,,,7419,
E09000010,Enfield,2024,30565.6,,,,6401,
E09000011,Greenwich,2024,31808.4,,,,23622,
E09000012,Hackney,2024,41121.6,,,,7930,
E09000013,Hammersmith and Fulham,2024,39967.2,,,,1889,
E09000014,Haringey,2024,28626.0,,,,13407,
E09000015,Harrow,2024,30612.4,,,,2427,
E09000016,Havering,2024,32900.4,,,,3036,
E09000017,Hillingdon,2024,35843.6,,,,3896,
E09000018,Hounslow,2024,37117.6,,,,3892,
E09000019,Islington,2024,44569.2,,,,16747,
E09000020,Kensington and Chelsea,2024,36592.4,,,,2923,
E09000021,Kingston upon Thames,2024,33883.200000000004,,,,2109,
E09000022,Lambeth,2024,43352.4,,,,38131,
E09000023,Lewisham,2024,31730.4,,,,11008,
E09000024,Merton,2024,35906.0,,,,10665,
E09000025,Newham,2024,38552.8,,,,38417,
E09000026,Redbridge,2024,26967.2,,,,7871,
E09000027,Richmond upon Thames,2024,33924.8,,,,5327,
E09000028,Southwark,2024,43336.8,,,,12333,
E09000029,Sutton,2024,34985.6,,,,2443,
E09000030,Tower Hamlets,2024,56721.6,,,,24519,
E09000031,Waltham Forest,2024,31064.8,,,,9507,
E09000032,Wandsworth,2024,35880.0,,,,11646,
E09000033,Westminster,2024,45619.6,,,,5232,
