Code,Area,Year,Income,Rent
E09000001,City of London,1997,27601.6,2570.88
E09000002,Barking and Dagenham,1997,14976.0,3396.6399999999994
E09000003,Barnet,1997,14107.6,3021.72
E09000004,Bexley,1997,13863.2,2646.8
E09000005,Brent,1997,15657.2,2833.48
E09000006,Bromley,1997,11346.4,2961.4
E09000007,Camden,1997,20425.6,2810.08
E09000008,Croydon,1997,15834.0,3274.44
E09000009,Ealing,1997,17612.399999999998,2817.36
E09000010,Enfield,1997,14877.2,3061.76
E09000011,Greenwich,1997,15548.0,2878.72
E09000012,Hackney,1997,20181.2,2677.48
E09000013,Hammersmith and Fulham,1997,20659.6,2607.8
E09000014,Haringey,1997,15600.0,2719.6
E09000015,Harrow,1997,15880.8,2829.84
E09000016,Havering,1997,10363.6,2741.96
E09000017,Hillingdon,1997,18579.6,2883.4
E09000018,Hounslow,1997,18132.4,2971.8
E09000019,Islington,1997,21002.8,2626.0
E09000020,Kensington and Chelsea,1997,16624.399999999998,2472.08
E09000021,Kingston upon Thames,1997,15054.0,2806.96
E09000022,Lambeth,1997,19760.0,2520.44
E09000023,Lewisham,1997,16120.0,2538.12
E09000024,Merton,1997,13982.8,2989.48
E09000025,Newham,1997,16889.600000000002,2766.4
E09000026,Redbridge,1997,14180.4,2960.88
E09000027,Richmond upon Thames,1997,15906.8,2930.72
E09000028,Southwark,1997,19682.0,2598.44
E09000029,Sutton,1997,17446.0,2709.2000000000003
E09000030,Tower Hamlets,1997,22100.0,2703.48
E09000031,Waltham Forest,1997,14196.0,2709.2000000000003
E09000032,Wandsworth,1997,16770.0,2883.4
E09000033,Westminster,1997,21054.8,2683.2000000000003
E09000001,City of London,1998,28303.6,2674.88
E09000002,Barking and Dagenham,1998,18922.8,3529.76
E09000003,Barnet,1998,16406.0,3217.76
E09000004,Bexley,1998,15308.8,3056.56
E09000005,Brent,1998,16629.600000000002,2922.92
E09000006,Bromley,1998,10706.8,3097.64
E09000007,Camden,1998,21476.0,3076.84
E09000008,Croydon,1998,16811.600000000002,3429.4
E09000009,Ealing,1998,18064.8,3078.4
E09000010,Enfield,1998,15594.8,3189.6800000000003
E09000011,Greenwich,1998,16224.0,3107.52
E09000012,Hackney,1998,22588.8,2905.76
E09000013,Hammersmith and Fulham,1998,20181.2,2778.36
E09000014,Haringey,1998,14643.2,2892.24
E09000015,Harrow,1998,17576.0,3073.72
E09000016,Havering,1998,10847.2,3037.84
E09000017,Hillingdon,1998,19791.2,3075.28
E09000018,Hounslow,1998,18371.6,3199.56
E09000019,Islington,1998,21320.0,2829.32
E09000020,Kensington and Chelsea,1998,18600.4,2617.6800000000003
E09000021,Kingston upon Thames,1998,16868.8,3120.52
E09000022,Lambeth,1998,20935.2,2676.96
E09000023,Lewisham,1998,15600.0,2721.16
E09000024,Merton,1998,16952.0,3190.2000000000003
E09000025,Newham,1998,17279.600000000002,3059.16
E09000026,Redbridge,1998,14123.2,3258.84
E09000027,Richmond upon Thames,1998,16525.600000000002,3033.6800000000003
E09000028,Southwark,1998,19999.2,2746.12
E09000029,Sutton,1998,15808.0,2891.2000000000003
E09000030,Tower Hamlets,1998,23644.4,2896.4
E09000031,Waltham Forest,1998,15787.2,3046.6800000000003
E09000032,Wandsworth,1998,17794.399999999998,3055.52
E09000033,Westminster,1998,21366.8,2882.36
E09000001,City of London,1999,31740.8,2744.04
E09000002,Barking and Dagenham,1999,18200.0,3586.44
E09000003,Barnet,1999,16504.8,3318.12
E09000004,Bexley,1999,16229.2,3076.84
E09000005,Brent,1999,17009.2,3108.56
E09000006,Bromley,1999,10394.8,3184.48
E09000007,Camden,1999,22266.4,3186.04
E09000008,Croydon,1999,17300.399999999998,3603.6
E09000009,Ealing,1999,19011.2,3120.0
E09000010,Enfield,1999,15714.4,3332.16
E09000011,Greenwich,1999,17108.0,3191.76
E09000012,Hackney,1999,22588.8,2983.24
E09000013,Hammersmith and Fulham,1999,21964.8,2916.6800000000003
E09000014,Haringey,1999,16972.8,3036.28
E09000015,Harrow,1999,17165.2,3278.6
E09000016,Havering,1999,9386.0,3154.32
E09000017,Hillingdon,1999,18844.8,3194.88
E09000018,Hounslow,1999,19500.0,3424.2
E09000019,Islington,1999,23504.0,2983.76
E09000020,Kensington and Chelsea,1999,18647.2,2749.76
E09000021,Kingston upon Thames,1999,15886.0,3141.84
E09000022,Lambeth,1999,21595.6,2840.24
E09000023,Lewisham,1999,17940.0,2839.2000000000003
E09000024,Merton,1999,16962.399999999998,3271.84
E09000025,Newham,1999,16733.600000000002,3180.32
E09000026,Redbridge,1999,15262.0,3410.6800000000003
E09000027,Richmond upon Thames,1999,18824.0,3111.6800000000003
E09000028,Southwark,1999,20763.6,2897.44
E09000029,Sutton,1999,16442.399999999998,3012.88
E09000030,Tower Hamlets,1999,25095.2,3029.0
E09000031,Waltham Forest,1999,16707.600000000002,3204.24
E09000032,Wandsworth,1999,18252.0,3182.92
E09000033,Westminster,1999,22448.4,3046.6800000000003
E09000001,City of London,2000,33259.200000000004,2887.04
E09000002,Barking and Dagenham,2000,19494.8,3298.88
E09000003,Barnet,2000,14970.8,3417.44
E09000004,Bexley,2000,16681.600000000002,3246.88
E09000005,Brent,2000,18772.0,3241.6800000000003
E09000006,Bromley,2000,10816.0,3348.28
E09000007,Camden,2000,23680.8,3284.32
E09000008,Croydon,2000,18283.2,3663.92
E09000009,Ealing,2000,19406.4,3257.8
E09000010,Enfield,2000,17659.2,3300.96
E09000011,Greenwich,2000,16837.600000000002,3221.92
E09000012,Hackney,2000,21788.0,3104.4
E09000013,Hammersmith and Fulham,2000,22791.6,3019.64
E09000014,Haringey,2000,17841.2,3142.36
E09000015,Harrow,2000,17004.0,3368.56
E09000016,Havering,2000,9510.8,3239.08
E09000017,Hillingdon,2000,19666.4,3330.6
E09000018,Hounslow,2000,20836.4,3484.5200000000004
E09000019,Islington,2000,25433.2,3124.16
E09000020,Kensington and Chelsea,2000,20716.8,2836.6
E09000021,Kingston upon Thames,2000,17009.2,3206.32
E09000022,Lambeth,2000,22094.8,2957.24
E09000023,Lewisham,2000,18543.2,2970.76
E09000024,Merton,2000,16962.399999999998,3322.8
E09000025,Newham,2000,18772.0,3323.84
E09000026,Redbridge,2000,15953.6,3525.6
E09000027,Richmond upon Thames,2000,18969.6,3143.4
E09000028,Southwark,2000,22672.0,3027.44
E09000029,Sutton,2000,16759.600000000002,3138.72
E09000030,Tower Hamlets,2000,26488.8,3021.72
E09000031,Waltham Forest,2000,16525.600000000002,3360.76
E09000032,Wandsworth,2000,19962.8,3283.28
E09000033,Westminster,2000,23457.2,3142.88
E09000001,City of London,2001,34933.6,2960.36
E09000002,Barking and Dagenham,2001,18486.0,3337.3600000000006
E09000003,Barnet,2001,16624.399999999998,3520.4
E09000004,Bexley,2001,16796.0,3306.16
E09000005,Brent,2001,18772.0,3244.28
E09000006,Bromley,2001,9531.6,3419.5200000000004
E09000007,Camden,2001,25469.6,3388.32
E09000008,Croydon,2001,18673.2,3736.2
E09000009,Ealing,2001,19890.0,3311.36
E09000010,Enfield,2001,18938.4,3331.12
E09000011,Greenwich,2001,17903.600000000002,3271.84
E09000012,Hackney,2001,22776.0,3111.16
E09000013,Hammersmith and Fulham,2001,24081.2,3106.48
E09000014,Haringey,2001,17612.399999999998,3220.36
E09000015,Harrow,2001,18574.4,3458.0
E09000016,Havering,2001,9443.2,3352.44
E09000017,Hillingdon,2001,21429.2,3422.12
E09000018,Hounslow,2001,20597.2,3481.92
E09000019,Islington,2001,26197.6,3076.32
E09000020,Kensington and Chelsea,2001,21481.2,2910.44
E09000021,Kingston upon Thames,2001,17752.8,3267.16
E09000022,Lambeth,2001,22952.8,3027.44
E09000023,Lewisham,2001,18371.6,3085.16
E09000024,Merton,2001,18241.6,3472.56
E09000025,Newham,2001,19078.8,3346.2
E09000026,Redbridge,2001,16972.8,3499.0800000000004
E09000027,Richmond upon Thames,2001,18584.8,3350.88
E09000028,Southwark,2001,28147.6,3103.36
E09000029,Sutton,2001,18106.4,3224.52
E09000030,Tower Hamlets,2001,29047.2,3148.08
E09000031,Waltham Forest,2001,17092.399999999998,3472.56
E09000032,Wandsworth,2001,19791.2,3345.6800000000003
E09000033,Westminster,2001,24954.8,3255.2000000000003
E09000001,City of London,2002,35339.200000000004,3052.4
E09000002,Barking and Dagenham,2002,20212.4,3599.44
E09000003,Barnet,2002,16718.0,3604.64
E09000004,Bexley,2002,17680.0,3445.0
E09000005,Brent,2002,18501.6,3411.72
E09000006,Bromley,2002,9734.4,3574.48
E09000007,Camden,2002,25948.0,3510.0
E09000008,Croydon,2002,19136.0,3873.48
E09000009,Ealing,2002,21148.4,3456.44
E09000010,Enfield,2002,18813.6,3538.0800000000004
E09000011,Greenwich,2002,18033.6,3425.24
E09000012,Hackney,2002,21788.0,3257.8
E09000013,Hammersmith and Fulham,2002,26202.8,3228.16
E09000014,Haringey,2002,17924.399999999998,3338.92
E09000015,Harrow,2002,19182.8,3639.48
E09000016,Havering,2002,9885.2,3514.16
E09000017,Hillingdon,2002,20950.8,3551.0800000000004
E09000018,Hounslow,2002,22063.6,3613.48
E09000019,Islington,2002,30451.2,3222.96
E09000020,Kensington and Chelsea,2002,23030.8,3033.16
E09000021,Kingston upon Thames,2002,18330.0,3458.5200000000004
E09000022,Lambeth,2002,22562.8,3179.28
E09000023,Lewisham,2002,18886.4,3212.56
E09000024,Merton,2002,17357.600000000002,3572.4
E09000025,Newham,2002,19515.6,3504.28
E09000026,Redbridge,2002,17425.2,3705.0
E09000027,Richmond upon Thames,2002,18460.0,3370.6399999999994
E09000028,Southwark,2002,29348.8,3225.04
E09000029,Sutton,2002,19500.0,3385.2
E09000030,Tower Hamlets,2002,28048.8,3307.72
E09000031,Waltham Forest,2002,17586.399999999998,3528.2
E09000032,Wandsworth,2002,20919.6,3459.04
E09000033,Westminster,2002,26447.2,3362.32
E09000001,City of London,2003,36930.4,3217.76
E09000002,Barking and Dagenham,2003,20378.8,3589.56
E09000003,Barnet,2003,18189.6,3682.64
E09000004,Bexley,2003,18200.0,3522.48
E09000005,Brent,2003,19962.8,3553.6800000000003
E09000006,Bromley,2003,11502.4,3677.96
E09000007,Camden,2003,27326.0,3630.64
E09000008,Croydon,2003,19734.0,3956.68
E09000009,Ealing,2003,21996.0,3602.56
E09000010,Enfield,2003,19375.2,3627.52
E09000011,Greenwich,2003,19624.8,3542.76
E09000012,Hackney,2003,23082.8,3361.28
E09000013,Hammersmith and Fulham,2003,26951.6,3363.88
E09000014,Haringey,2003,19063.2,3440.32
E09000015,Harrow,2003,19203.6,3587.48
E09000016,Havering,2003,11154.0,3592.6800000000003
E09000017,Hillingdon,2003,22718.8,3689.92
E09000018,Hounslow,2003,22958.0,3687.84
E09000019,Islington,2003,30357.6,3398.72
E09000020,Kensington and Chelsea,2003,22604.4,3190.2000000000003
E09000021,Kingston upon Thames,2003,19396.0,3554.2
E09000022,Lambeth,2003,23394.8,3302.52
E09000023,Lewisham,2003,19182.8,3297.32
E09000024,Merton,2003,17830.8,3662.88
E09000025,Newham,2003,21247.2,3550.56
E09000026,Redbridge,2003,17659.2,3847.48
E09000027,Richmond upon Thames,2003,20051.2,3532.3600000000006
E09000028,Southwark,2003,29811.6,3353.48
E09000029,Sutton,2003,20950.8,3492.84
E09000030,Tower Hamlets,2003,31938.4,3474.6399999999994
E09000031,Waltham Forest,2003,18657.6,3584.88
E09000032,Wandsworth,2003,22505.6,3601.5200000000004
E09000033,Westminster,2003,25948.0,3497.0
E09000001,City of London,2004,38885.6,3417.44
E09000002,Barking and Dagenham,2004,23566.4,3656.64
E09000003,Barnet,2004,20092.8,3876.6
E09000004,Bexley,2004,13312.0,3466.84
E09000005,Brent,2004,20623.2,3732.04
E09000006,Bromley,2004,13520.0,3669.12
E09000007,Camden,2004,27944.8,3810.04
E09000008,Croydon,2004,20566.0,4052.3600000000006
E09000009,Ealing,2004,22791.6,3770.52
E09000010,Enfield,2004,22500.4,3815.24
E09000011,Greenwich,2004,19962.8,3724.76
E09000012,Hackney,2004,23883.6,3512.6
E09000013,Hammersmith and Fulham,2004,26863.2,3540.16
E09000014,Haringey,2004,19640.4,3566.6800000000003
E09000015,Harrow,2004,20956.0,3748.68
E09000016,Havering,2004,12194.0,3710.2
E09000017,Hillingdon,2004,24564.8,3823.04
E09000018,Hounslow,2004,23181.6,3843.84
E09000019,Islington,2004,27523.6,3526.12
E09000020,Kensington and Chelsea,2004,21964.8,3372.72
E09000021,Kingston upon Thames,2004,19942.0,3718.0
E09000022,Lambeth,2004,24918.4,3410.16
E09000023,Lewisham,2004,20690.8,3511.04
E09000024,Merton,2004,19427.2,3792.88
E09000025,Newham,2004,23259.6,3711.24
E09000026,Redbridge,2004,17565.600000000002,3885.44
E09000027,Richmond upon Thames,2004,22349.6,3625.96
E09000028,Southwark,2004,27008.8,3523.0
E09000029,Sutton,2004,20592.0,3586.44
E09000030,Tower Hamlets,2004,34918.0,3642.6
E09000031,Waltham Forest,2004,18298.8,3684.2
E09000032,Wandsworth,2004,22952.8,3764.28
E09000033,Westminster,2004,27944.8,3709.68
E09000001,City of London,2005,40788.8,3754.4
E09000002,Barking and Dagenham,2005,23285.6,3891.16
E09000003,Barnet,2005,19931.6,4123.599999999999
E09000004,Bexley,2005,19728.8,3755.44
E09000005,Brent,2005,21663.2,4015.44
E09000006,Bromley,2005,18304.0,3896.88
E09000007,Camden,2005,27903.2,4205.24
E09000008,Croydon,2005,19401.2,4240.08
E09000009,Ealing,2005,23041.2,4053.92
E09000010,Enfield,2005,19838.0,4033.12
E09000011,Greenwich,2005,22204.0,3934.84
E09000012,Hackney,2005,25625.6,3750.24
E09000013,Hammersmith and Fulham,2005,26904.8,3810.04
E09000014,Haringey,2005,20311.2,3809.52
E09000015,Harrow,2005,20264.4,4043.0
E09000016,Havering,2005,18543.2,4021.68
E09000017,Hillingdon,2005,25724.4,4100.72
E09000018,Hounslow,2005,24341.2,4064.32
E09000019,Islington,2005,27450.8,3719.04
E09000020,Kensington and Chelsea,2005,21668.4,3641.56
E09000021,Kingston upon Thames,2005,18590.0,4175.08
E09000022,Lambeth,2005,24497.2,3619.72
E09000023,Lewisham,2005,20347.6,3713.32
E09000024,Merton,2005,21044.4,3993.08
E09000025,Newham,2005,23322.0,3973.84
E09000026,Redbridge,2005,18803.2,4241.12
E09000027,Richmond upon Thames,2005,21923.2,3815.76
E09000028,Southwark,2005,27040.0,3757.52
E09000029,Sutton,2005,19510.4,3932.76
E09000030,Tower Hamlets,2005,34881.6,3849.56
E09000031,Waltham Forest,2005,17435.600000000002,3862.04
E09000032,Wandsworth,2005,22963.2,4037.8
E09000033,Westminster,2005,28173.6,3959.8
E09000001,City of London,2006,41688.4,3823.04
E09000002,Barking and Dagenham,2006,23431.2,4079.92
E09000003,Barnet,2006,21080.8,4299.360000000001
E09000004,Bexley,2006,19302.4,3926.52
E09000005,Brent,2006,23140.0,4115.28
E09000006,Bromley,2006,19188.0,4056.52
E09000007,Camden,2006,29104.4,4331.08
E09000008,Croydon,2006,21439.6,4427.8
E09000009,Ealing,2006,22807.2,4329.52
E09000010,Enfield,2006,20711.6,4258.8
E09000011,Greenwich,2006,21470.8,4087.2
E09000012,Hackney,2006,26925.6,3923.92
E09000013,Hammersmith and Fulham,2006,26904.8,4007.64
E09000014,Haringey,2006,20992.4,3964.48
E09000015,Harrow,2006,20971.6,4278.56
E09000016,Havering,2006,18590.0,4253.599999999999
E09000017,Hillingdon,2006,23883.6,4372.16
E09000018,Hounslow,2006,23181.6,4215.639999999999
E09000019,Islington,2006,29874.0,3925.48
E09000020,Kensington and Chelsea,2006,21678.8,3869.84
E09000021,Kingston upon Thames,2006,21429.2,4357.08
E09000022,Lambeth,2006,26187.2,3781.44
E09000023,Lewisham,2006,21294.0,3892.72
E09000024,Merton,2006,19786.0,4226.56
E09000025,Newham,2006,22386.0,4148.56
E09000026,Redbridge,2006,20384.0,4353.96
E09000027,Richmond upon Thames,2006,21938.8,3998.8
E09000028,Southwark,2006,28329.6,3986.32
E09000029,Sutton,2006,21075.6,4120.48
E09000030,Tower Hamlets,2006,35250.8,3938.48
E09000031,Waltham Forest,2006,19500.0,4035.72
E09000032,Wandsworth,2006,23379.2,4230.72
E09000033,Westminster,2006,28496.0,4176.12
E09000001,City of London,2007,42354.0,4496.96
E09000002,Barking and Dagenham,2007,25604.8,4235.400000000001
E09000003,Barnet,2007,20763.6,4463.68
E09000004,Bexley,2007,19531.2,4085.64
E09000005,Brent,2007,22375.6,4347.72
E09000006,Bromley,2007,18969.6,4312.88
E09000007,Camden,2007,28901.6,4520.88
E09000008,Croydon,2007,21034.0,4587.96
E09000009,Ealing,2007,23873.2,4437.68
E09000010,Enfield,2007,21840.0,4415.84
E09000011,Greenwich,2007,23446.8,4204.72
E09000012,Hackney,2007,25906.4,4080.96
E09000013,Hammersmith and Fulham,2007,28100.8,4227.599999999999
E09000014,Haringey,2007,22490.0,4167.28
E09000015,Harrow,2007,20571.2,4345.639999999999
E09000016,Havering,2007,19453.2,4450.16
E09000017,Hillingdon,2007,27284.4,4547.400000000001
E09000018,Hounslow,2007,24913.2,4408.56
E09000019,Islington,2007,30550.0,4170.400000000001
E09000020,Kensington and Chelsea,2007,23660.0,4119.44
E09000021,Kingston upon Thames,2007,21476.0,4551.56
E09000022,Lambeth,2007,27310.4,3931.2
E09000023,Lewisham,2007,21819.2,4086.68
E09000024,Merton,2007,20373.6,4389.84
E09000025,Newham,2007,23415.6,4284.28
E09000026,Redbridge,2007,22614.8,4546.88
E09000027,Richmond upon Thames,2007,23166.0,4182.88
E09000028,Southwark,2007,28470.0,4202.12
E09000029,Sutton,2007,22687.6,4287.92
E09000030,Tower Hamlets,2007,37960.0,4060.68
E09000031,Waltham Forest,2007,21252.4,4180.8
E09000032,Wandsworth,2007,24419.2,4475.12
E09000033,Westminster,2007,30399.2,4437.16
E09000001,City of London,2008,44844.8,4290.52
E09000002,Barking and Dagenham,2008,24741.6,4437.68
E09000003,Barnet,2008,21814.0,4684.68
E09000004,Bexley,2008,19557.2,4280.12
E09000005,Brent,2008,22713.6,4635.28
E09000006,Bromley,2008,19879.6,4442.88
E09000007,Camden,2008,31891.6,4742.92
E09000008,Croydon,2008,22547.2,4741.88
E09000009,Ealing,2008,24882.0,4661.28
E09000010,Enfield,2008,20092.8,4619.16
E09000011,Greenwich,2008,22422.4,4471.48
E09000012,Hackney,2008,28152.8,4320.68
E09000013,Hammersmith and Fulham,2008,30669.6,4538.04
E09000014,Haringey,2008,22084.4,4357.599999999999
E09000015,Harrow,2008,21642.4,4743.96
E09000016,Havering,2008,21049.6,4631.12
E09000017,Hillingdon,2008,27627.6,4771.0
E09000018,Hounslow,2008,24570.0,4628.52
E09000019,Islington,2008,32032.0,4392.44
E09000020,Kensington and Chelsea,2008,25339.6,4332.639999999999
E09000021,Kingston upon Thames,2008,20893.6,4785.04
E09000022,Lambeth,2008,27903.2,4188.08
E09000023,Lewisham,2008,21663.2,4136.08
E09000024,Merton,2008,18938.4,4578.599999999999
E09000025,Newham,2008,24632.4,4509.44
E09000026,Redbridge,2008,22765.6,4763.2
E09000027,Richmond upon Thames,2008,24944.4,4397.12
E09000028,Southwark,2008,28730.0,4420.52
E09000029,Sutton,2008,21725.6,4407.0
E09000030,Tower Hamlets,2008,39863.2,4311.84
E09000031,Waltham Forest,2008,20997.6,4383.599999999999
E09000032,Wandsworth,2008,24908.0,4664.400000000001
E09000033,Westminster,2008,31891.6,4685.72
E09000001,City of London,2009,45723.6,4626.96
E09000002,Barking and Dagenham,2009,25162.8,4693.0
E09000003,Barnet,2009,22516.0,4945.2
E09000004,Bexley,2009,20571.2,4467.32
E09000005,Brent,2009,23930.4,4892.16
E09000006,Bromley,2009,20295.6,4656.599999999999
E09000007,Camden,2009,31896.8,5000.32
E09000008,Croydon,2009,23342.8,5023.72
E09000009,Ealing,2009,25006.8,4976.400000000001
E09000010,Enfield,2009,22230.0,4830.8
E09000011,Greenwich,2009,23660.0,4716.400000000001
E09000012,Hackney,2009,28423.2,4650.360000000001
E09000013,Hammersmith and Fulham,2009,30862.0,4785.56
E09000014,Haringey,2009,22412.0,4584.32
E09000015,Harrow,2009,22053.2,4994.08
E09000016,Havering,2009,21361.6,4462.639999999999
E09000017,Hillingdon,2009,27840.8,5050.24
E09000018,Hounslow,2009,27289.6,4879.16
E09000019,Islington,2009,32630.0,4695.08
E09000020,Kensington and Chelsea,2009,25558.0,4622.8
E09000021,Kingston upon Thames,2009,22926.8,5063.24
E09000022,Lambeth,2009,29681.6,4399.72
E09000023,Lewisham,2009,25173.2,4295.2
E09000024,Merton,2009,19260.8,4833.400000000001
E09000025,Newham,2009,25906.4,4723.16
E09000026,Redbridge,2009,22802.0,5128.24
E09000027,Richmond upon Thames,2009,24393.2,4631.639999999999
E09000028,Southwark,2009,29640.0,4701.84
E09000029,Sutton,2009,20945.6,4785.56
E09000030,Tower Hamlets,2009,40097.2,4546.360000000001
E09000031,Waltham Forest,2009,22276.8,4613.96
E09000032,Wandsworth,2009,25911.6,4934.8
E09000033,Westminster,2009,31891.6,4989.92
E09000001,City of London,2010,46378.8,4985.76
E09000002,Barking and Dagenham,2010,25386.4,4975.88
E09000003,Barnet,2010,22282.0,5281.12
E09000004,Bexley,2010,21637.2,4701.84
E09000005,Brent,2010,22188.4,5218.72
E09000006,Bromley,2010,19978.4,4970.16
E09000007,Camden,2010,32884.8,5333.12
E09000008,Croydon,2010,24575.2,5268.639999999999
E09000009,Ealing,2010,25448.8,5289.96
E09000010,Enfield,2010,21855.6,5193.24
E09000011,Greenwich,2010,25365.6,4962.88
E09000012,Hackney,2010,30300.4,4909.84
E09000013,Hammersmith and Fulham,2010,29962.4,5155.8
E09000014,Haringey,2010,23920.0,4906.72
E09000015,Harrow,2010,18824.0,5321.68
E09000016,Havering,2010,21574.8,4784.0
E09000017,Hillingdon,2010,29109.6,5324.28
E09000018,Hounslow,2010,27950.0,5175.56
E09000019,Islington,2010,31090.8,5034.639999999999
E09000020,Kensington and Chelsea,2010,26176.8,4993.56
E09000021,Kingston upon Thames,2010,22911.2,5376.28
E09000022,Lambeth,2010,30050.8,4737.72
E09000023,Lewisham,2010,23732.8,4563.52
E09000024,Merton,2010,23051.6,4511.0
E09000025,Newham,2010,26270.4,4983.16
E09000026,Redbridge,2010,21491.6,5357.04
E09000027,Richmond upon Thames,2010,25573.6,4946.24
E09000028,Southwark,2010,30435.6,5044.52
E09000029,Sutton,2010,21008.0,5077.28
E09000030,Tower Hamlets,2010,39863.2,4909.32
E09000031,Waltham Forest,2010,21892.0,4895.28
E09000032,Wandsworth,2010,26384.8,5319.08
E09000033,Westminster,2010,32786.0,5364.84
E09000001,City of London,2011,47002.8,5015.400000000001
E09000002,Barking and Dagenham,2011,26910.0,5017.48
E09000003,Barnet,2011,23327.2,5364.84
E09000004,Bexley,2011,19739.2,4711.2
E09000005,Brent,2011,21923.2,5275.92
E09000006,Bromley,2011,21325.2,4976.92
E09000007,Camden,2011,32645.6,5423.08
E09000008,Croydon,2011,23748.4,5298.8
E09000009,Ealing,2011,24476.4,5343.52
E09000010,Enfield,2011,22167.6,5250.44
E09000011,Greenwich,2011,23836.8,5023.72
E09000012,Hackney,2011,28485.6,5017.48
E09000013,Hammersmith and Fulham,2011,31434.0,5292.56
E09000014,Haringey,2011,22105.2,4995.639999999999
E09000015,Harrow,2011,19437.6,5496.400000000001
E09000016,Havering,2011,21803.6,4969.639999999999
E09000017,Hillingdon,2011,28017.6,5333.639999999999
E09000018,Hounslow,2011,27898.0,5202.08
E09000019,Islington,2011,32791.200000000004,5142.8
E09000020,Kensington and Chelsea,2011,25818.0,5055.96
E09000021,Kingston upon Thames,2011,22916.4,5454.28
E09000022,Lambeth,2011,30498.0,4838.08
E09000023,Lewisham,2011,22344.4,4571.84
E09000024,Merton,2011,22713.6,4815.72
E09000025,Newham,2011,24232.0,5033.08
E09000026,Redbridge,2011,22734.4,5375.24
E09000027,Richmond upon Thames,2011,23977.2,5004.48
E09000028,Southwark,2011,30846.4,5115.24
E09000029,Sutton,2011,21226.4,5106.92
E09000030,Tower Hamlets,2011,41516.8,5032.56
E09000031,Waltham Forest,2011,22209.2,4963.92
E09000032,Wandsworth,2011,26026.0,5395.52
E09000033,Westminster,2011,32115.2,5419.96
E09000001,City of London,2012,45229.6,5436.599999999999
E09000002,Barking and Dagenham,2012,28288.0,5287.88
E09000003,Barnet,2012,23405.2,5709.08
E09000004,Bexley,2012,21013.2,5022.16
E09000005,Brent,2012,21923.2,5552.56
E09000006,Bromley,2012,21491.6,5284.24
E09000007,Camden,2012,32760.0,5796.96
E09000008,Croydon,2012,25194.0,5577.52
E09000009,Ealing,2012,25630.8,5669.56
E09000010,Enfield,2012,22396.4,5640.44
E09000011,Greenwich,2012,24174.8,5245.24
E09000012,Hackney,2012,27632.8,5480.28
E09000013,Hammersmith and Fulham,2012,30404.4,5599.360000000001
E09000014,Haringey,2012,24356.8,5299.32
E09000015,Harrow,2012,21179.6,5844.28
E09000016,Havering,2012,21876.4,5208.84
E09000017,Hillingdon,2012,27913.6,5613.92
E09000018,Hounslow,2012,27060.8,5540.599999999999
E09000019,Islington,2012,32978.4,5501.599999999999
E09000020,Kensington and Chelsea,2012,26941.2,5489.639999999999
E09000021,Kingston upon Thames,2012,23868.0,5778.76
E09000022,Lambeth,2012,31085.6,5156.32
E09000023,Lewisham,2012,22349.6,4823.0
E09000024,Merton,2012,23920.0,5049.2
E09000025,Newham,2012,23644.4,5425.68
E09000026,Redbridge,2012,20306.0,5623.28
E09000027,Richmond upon Thames,2012,24913.2,5448.04
E09000028,Southwark,2012,31709.6,5404.360000000001
E09000029,Sutton,2012,21959.6,5362.76
E09000030,Tower Hamlets,2012,40263.6,5388.76
E09000031,Waltham Forest,2012,22906.0,5293.08
E09000032,Wandsworth,2012,24195.6,5763.68
E09000033,Westminster,2012,32037.2,5708.04
E09000001,City of London,2013,46748.0,5872.360000000001
E09000002,Barking and Dagenham,2013,29463.2,5598.84
E09000003,Barnet,2013,23842.0,6111.56
E09000004,Bexley,2013,19687.2,5229.12
E09000005,Brent,2013,22843.6,5912.92
E09000006,Bromley,2013,21226.4,5777.2
E09000007,Camden,2013,32515.6,6323.72
E09000008,Croydon,2013,24700.0,5948.28
E09000009,Ealing,2013,25183.6,6054.360000000001
E09000010,Enfield,2013,21782.8,6020.56
E09000011,Greenwich,2013,24362.0,5602.48
E09000012,Hackney,2013,27237.6,5769.400000000001
E09000013,Hammersmith and Fulham,2013,28662.4,5996.12
E09000014,Haringey,2013,25376.0,5675.28
E09000015,Harrow,2013,17295.2,6191.12
E09000016,Havering,2013,22916.4,5578.04
E09000017,Hillingdon,2013,29785.6,6015.360000000001
E09000018,Hounslow,2013,26057.2,5899.92
E09000019,Islington,2013,33774.0,5904.08
E09000020,Kensington and Chelsea,2013,25901.2,5817.76
E09000021,Kingston upon Thames,2013,23810.8,6187.48
E09000022,Lambeth,2013,30529.2,5552.04
E09000023,Lewisham,2013,24242.4,5232.76
E09000024,Merton,2013,23181.6,5460.52
E09000025,Newham,2013,23545.6,5720.0
E09000026,Redbridge,2013,22838.4,5960.24
E09000027,Richmond upon Thames,2013,24913.2,5651.360000000001
E09000028,Southwark,2013,31564.0,5747.04
E09000029,Sutton,2013,23956.4,5727.8
E09000030,Tower Hamlets,2013,42853.2,5777.72
E09000031,Waltham Forest,2013,19775.6,5734.04
E09000032,Wandsworth,2013,24762.4,6194.24
E09000033,Westminster,2013,31891.6,6105.84
E09000001,City of London,2014,45614.4,6009.12
E09000002,Barking and Dagenham,2014,23264.8,6287.84
E09000003,Barnet,2014,23452.0,6411.08
E09000004,Bexley,2014,21725.6,5530.2
E09000005,Brent,2014,23025.6,6143.8
E09000006,Bromley,2014,20826.0,5807.88
E09000007,Camden,2014,31824.0,6611.28
E09000008,Croydon,2014,24351.6,6158.88
E09000009,Ealing,2014,23514.4,6288.88
E09000010,Enfield,2014,20571.2,6245.72
E09000011,Greenwich,2014,24273.6,5779.8
E09000012,Hackney,2014,26483.6,6010.16
E09000013,Hammersmith and Fulham,2014,29712.8,6298.76
E09000014,Haringey,2014,24107.2,5921.76
E09000015,Harrow,2014,16780.399999999998,6545.76
E09000016,Havering,2014,22152.0,5744.44
E09000017,Hillingdon,2014,28345.2,6227.52
E09000018,Hounslow,2014,27788.8,6139.639999999999
E09000019,Islington,2014,31990.4,6177.599999999999
E09000020,Kensington and Chelsea,2014,24913.2,6138.599999999999
E09000021,Kingston upon Thames,2014,23410.4,6471.400000000001
E09000022,Lambeth,2014,31293.6,5798.52
E09000023,Lewisham,2014,23202.4,5404.88
E09000024,Merton,2014,22968.4,5707.52
E09000025,Newham,2014,23114.0,6702.279999999999
E09000026,Redbridge,2014,22640.8,6497.400000000001
E09000027,Richmond upon Thames,2014,23920.0,5932.16
E09000028,Southwark,2014,31501.6,6048.639999999999
E09000029,Sutton,2014,20727.2,5963.360000000001
E09000030,Tower Hamlets,2014,42504.8,6017.96
E09000031,Waltham Forest,2014,18876.0,6128.72
E09000032,Wandsworth,2014,25152.4,6337.76
E09000033,Westminster,2014,32281.6,6345.56
E09000001,City of London,2015,45723.6,6471.92
E09000002,Barking and Dagenham,2015,24440.0,6605.56
E09000003,Barnet,2015,23857.6,6612.32
E09000004,Bexley,2015,21668.4,5782.92
E09000005,Brent,2015,25131.6,6404.32
E09000006,Bromley,2015,24018.8,6028.88
E09000007,Camden,2015,32110.0,6882.2
E09000008,Croydon,2015,23868.0,6401.72
E09000009,Ealing,2015,24913.2,6566.04
E09000010,Enfield,2015,22427.6,6528.08
E09000011,Greenwich,2015,24273.6,6044.48
E09000012,Hackney,2015,26327.6,6252.48
E09000013,Hammersmith and Fulham,2015,29307.2,6664.839999999999
E09000014,Haringey,2015,24913.2,6176.04
E09000015,Harrow,2015,19084.0,6792.24
E09000016,Havering,2015,21788.0,6156.8
E09000017,Hillingdon,2015,28646.8,6436.56
E09000018,Hounslow,2015,30149.6,6408.48
E09000019,Islington,2015,32557.2,6478.68
E09000020,Kensington and Chelsea,2015,27003.6,6414.2
E09000021,Kingston upon Thames,2015,22926.8,6724.639999999999
E09000022,Lambeth,2015,30518.8,6078.8
E09000023,Lewisham,2015,24325.6,5677.360000000001
E09000024,Merton,2015,23368.8,5895.76
E09000025,Newham,2015,23384.4,6995.040000000001
E09000026,Redbridge,2015,22552.4,6738.68
E09000027,Richmond upon Thames,2015,25454.0,6193.2
E09000028,Southwark,2015,33503.6,6289.92
E09000029,Sutton,2015,22682.4,6185.92
E09000030,Tower Hamlets,2015,40118.0,6384.56
E09000031,Waltham Forest,2015,19931.6,6271.2
E09000032,Wandsworth,2015,26280.8,6627.400000000001
E09000033,Westminster,2015,32952.4,6654.44
E09000001,City of London,2016,47247.2,6586.84
E09000002,Barking and Dagenham,2016,24913.2,6682.304827586207
E09000003,Barnet,2016,22365.2,6870.638561202574
E09000004,Bexley,2016,23207.6,5870.192086699508
E09000005,Brent,2016,25407.2,7081.988285597714
E09000006,Bromley,2016,22703.2,6142.951770036395
E09000007,Camden,2016,32692.4,6977.250146750526
E09000008,Croydon,2016,26244.4,6548.4083520847125
E09000009,Ealing,2016,24658.4,6893.468420282791
E09000010,Enfield,2016,22391.2,6699.690120742475
E09000011,Greenwich,2016,23290.8,6209.925999624554
E09000012,Hackney,2016,27996.8,6424.511292170592
E09000013,Hammersmith and Fulham,2016,30711.2,6794.142703464948
E09000014,Haringey,2016,24070.8,6398.859651516998
E09000015,Harrow,2016,23920.0,7144.329300648884
E09000016,Havering,2016,24554.4,6244.386409564212
E09000017,Hillingdon,2016,27487.2,6571.137068427811
E09000018,Hounslow,2016,30825.6,6595.42654879066
E09000019,Islington,2016,35230.0,6624.847318007663
E09000020,Kensington and Chelsea,2016,25147.2,6587.691927877949
E09000021,Kingston upon Thames,2016,25277.2,6906.015400384369
E09000022,Lambeth,2016,29894.8,6211.686673866091
E09000023,Lewisham,2016,25511.2,5813.329013292987
E09000024,Merton,2016,24315.2,6037.676907997328
E09000025,Newham,2016,23613.2,7341.611624330903
E09000026,Redbridge,2016,23088.0,6872.1151724137935
E09000027,Richmond upon Thames,2016,26218.4,6408.836545431821
E09000028,Southwark,2016,32921.200000000004,6426.358713815512
E09000029,Sutton,2016,22058.4,6234.302586249691
E09000030,Tower Hamlets,2016,39020.8,6568.024644542432
E09000031,Waltham Forest,2016,20108.4,6391.132691654399
E09000032,Wandsworth,2016,25911.6,6997.161112135986
E09000033,Westminster,2016,33540.0,7358.754540816326
E09000001,City of London,2017,48791.6,6600.360000000001
E09000002,Barking and Dagenham,2017,23925.2,6694.637213391952
E09000003,Barnet,2017,23160.8,6780.336183695265
E09000004,Bexley,2017,23415.6,5858.702595753126
E09000005,Brent,2017,23904.4,6965.844759679571
E09000006,Bromley,2017,22588.8,6079.7271080658375
E09000007,Camden,2017,32890.0,7049.75427181317
E09000008,Croydon,2017,26577.2,6467.473889510176
E09000009,Ealing,2017,25079.6,6872.26346877622
E09000010,Enfield,2017,22822.8,6518.978438304446
E09000011,Greenwich,2017,25911.6,6139.770215588722
E09000012,Hackney,2017,28173.6,6387.867105187237
E09000013,Hammersmith and Fulham,2017,31475.6,6763.211467999999
E09000014,Haringey,2017,23920.0,6274.94359375
E09000015,Harrow,2017,21595.6,6974.605227192674
E09000016,Havering,2017,23036.0,6288.371546391753
E09000017,Hillingdon,2017,27908.4,6553.156268602544
E09000018,Hounslow,2017,29926.0,6516.598661457448
E09000019,Islington,2017,34990.8,6592.510897832816
E09000020,Kensington and Chelsea,2017,28054.0,6547.71099532114
E09000021,Kingston upon Thames,2017,25272.0,6822.62021949645
E09000022,Lambeth,2017,31460.0,6169.825114040365
E09000023,Lewisham,2017,25329.2,5745.06570501028
E09000024,Merton,2017,24897.6,5986.489845594913
E09000025,Newham,2017,23462.4,7273.051041545896
E09000026,Redbridge,2017,18683.6,6828.931235494879
E09000027,Richmond upon Thames,2017,26182.0,6386.849471822087
E09000028,Southwark,2017,33430.8,6368.696268558231
E09000029,Sutton,2017,23145.2,6224.421982694684
E09000030,Tower Hamlets,2017,42198.0,6544.372866291784
E09000031,Waltham Forest,2017,22443.2,6345.869436619719
E09000032,Wandsworth,2017,28516.8,6824.578801378945
E09000033,Westminster,2017,35885.200000000004,6766.183223293009
E09000001,City of London,2018,51209.6,6595.16
E09000002,Barking and Dagenham,2018,25438.4,6162.76824964132
E09000003,Barnet,2018,21366.8,6639.513224199287
E09000004,Bexley,2018,24263.2,5759.173298701298
E09000005,Brent,2018,22921.6,6531.280540818074
E09000006,Bromley,2018,21346.0,6017.539148936168
E09000007,Camden,2018,34429.200000000004,6943.226479241583
E09000008,Croydon,2018,26748.8,6416.436909193458
E09000009,Ealing,2018,26213.2,6599.918903225806
E09000010,Enfield,2018,21897.2,6354.602336722384
E09000011,Greenwich,2018,25568.4,6201.2530433911215
E09000012,Hackney,2018,28558.4,6240.577688941455
E09000013,Hammersmith and Fulham,2018,35932.0,6691.3979775280895
E09000014,Haringey,2018,24341.2,6140.669346658337
E09000015,Harrow,2018,21314.8,6807.479869328496
E09000016,Havering,2018,24315.2,6140.832179327523
E09000017,Hillingdon,2018,27710.8,6454.65277354635
E09000018,Hounslow,2018,29894.8,6466.155474277901
E09000019,Islington,2018,34944.0,6499.272861377506
E09000020,Kensington and Chelsea,2018,28428.4,6599.96882108183
E09000021,Kingston upon Thames,2018,25136.8,6791.944629271437
E09000022,Lambeth,2018,30487.6,6124.487042679632
E09000023,Lewisham,2018,24913.2,5715.434079047103
E09000024,Merton,2018,24138.4,5912.073389888023
E09000025,Newham,2018,24169.6,6207.738309296652
E09000026,Redbridge,2018,19770.4,6485.852161687172
E09000027,Richmond upon Thames,2018,26535.6,6379.502897220097
E09000028,Southwark,2018,35687.6,6361.047604954692
E09000029,Sutton,2018,21548.8,6111.139206310081
E09000030,Tower Hamlets,2018,42333.2,6496.099017168059
E09000031,Waltham Forest,2018,23571.6,6070.236541598694
E09000032,Wandsworth,2018,28745.6,6675.8412695026
E09000033,Westminster,2018,37752.0,6783.984776585773
E09000001,City of London,2019,51058.8,6582.68
E09000002,Barking and Dagenham,2019,23436.4,6079.84
E09000003,Barnet,2019,23327.2,6654.44
E09000004,Bexley,2019,24960.0,5674.24
E09000005,Brent,2019,28834.0,6952.92
E09000006,Bromley,2019,24908.0,6024.72
E09000007,Camden,2019,35677.200000000004,6818.24
E09000008,Croydon,2019,28230.8,6354.400000000001
E09000009,Ealing,2019,26114.4,6788.6
E09000010,Enfield,2019,20930.0,6384.04
E09000011,Greenwich,2019,23888.8,6170.32
E09000012,Hackney,2019,29894.8,6194.76
E09000013,Hammersmith and Fulham,2019,31995.6,6685.12
E09000014,Haringey,2019,25500.8,6199.96
E09000015,Harrow,2019,24731.2,6871.279999999999
E09000016,Havering,2019,27638.0,6049.16
E09000017,Hillingdon,2019,28360.8,6470.88
E09000018,Hounslow,2019,30955.6,6412.639999999999
E09000019,Islington,2019,36498.8,6486.48
E09000020,Kensington and Chelsea,2019,29114.8,6571.24
E09000021,Kingston upon Thames,2019,28719.6,6621.16
E09000022,Lambeth,2019,31226.0,6098.04
E09000023,Lewisham,2019,26249.6,5692.44
E09000024,Merton,2019,24346.4,5890.04
E09000025,Newham,2019,26358.8,6168.76
E09000026,Redbridge,2019,21975.2,6467.76
E09000027,Richmond upon Thames,2019,27107.6,6246.76
E09000028,Southwark,2019,35609.6,6325.8
E09000029,Sutton,2019,25948.0,6088.68
E09000030,Tower Hamlets,2019,41324.4,6457.88
E09000031,Waltham Forest,2019,25022.4,6057.48
E09000032,Wandsworth,2019,29894.8,6656.52
E09000033,Westminster,2019,37871.6,7297.160000000001
E09000001,City of London,2020,54792.4,6561.360000000001
E09000002,Barking and Dagenham,2020,25823.2,6338.28
E09000003,Barnet,2020,23977.2,6550.96
E09000004,Bexley,2020,22895.6,5653.96
E09000005,Brent,2020,30196.4,6792.24
E09000006,Bromley,2020,22989.2,5901.48
E09000007,Camden,2020,34944.0,6744.92
E09000008,Croydon,2020,26665.6,6286.8
E09000009,Ealing,2020,27440.4,6538.48
E09000010,Enfield,2020,24039.6,6268.599999999999
E09000011,Greenwich,2020,22958.0,6104.28
E09000012,Hackney,2020,30076.8,6224.400000000001
E09000013,Hammersmith and Fulham,2020,35510.8,6672.12
E09000014,Haringey,2020,25880.4,6147.44
E09000015,Harrow,2020,21231.6,6778.720000000001
E09000016,Havering,2020,25833.6,6191.639999999999
E09000017,Hillingdon,2020,29894.8,6338.28
E09000018,Hounslow,2020,30612.4,6357.0
E09000019,Islington,2020,35874.8,6532.76
E09000020,Kensington and Chelsea,2020,29234.4,6504.68
E09000021,Kingston upon Thames,2020,27112.8,6604.0
E09000022,Lambeth,2020,33066.8,6056.44
E09000023,Lewisham,2020,27882.4,5613.92
E09000024,Merton,2020,23920.0,5943.599999999999
E09000025,Newham,2020,26431.6,6328.400000000001
E09000026,Redbridge,2020,20082.4,6366.360000000001
E09000027,Richmond upon Thames,2020,24008.4,6243.12
E09000028,Southwark,2020,38480.0,6266.52
E09000029,Sutton,2020,26478.4,6017.96
E09000030,Tower Hamlets,2020,44792.8,6439.68
E09000031,Waltham Forest,2020,24414.0,6102.2
E09000032,Wandsworth,2020,27788.8,6651.32
E09000033,Westminster,2020,40008.8,6712.160000000001
E09000001,City of London,2021,56643.6,6684.6
E09000002,Barking and Dagenham,2021,25376.0,6172.92
E09000003,Barnet,2021,24102.0,6696.56
E09000004,Bexley,2021,24299.6,5835.44
E09000005,Brent,2021,30092.4,6645.08
E09000006,Bromley,2021,25625.6,6048.639999999999
E09000007,Camden,2021,36732.8,7007.0
E09000008,Croydon,2021,31491.2,6449.04
E09000009,Ealing,2021,27357.2,6718.92
E09000010,Enfield,2021,24148.8,6410.04
E09000011,Greenwich,2021,28428.4,6273.8
E09000012,Hackney,2021,31616.0,6313.32
E09000013,Hammersmith and Fulham,2021,35750.0,6782.88
E09000014,Haringey,2021,24627.2,6300.32
E09000015,Harrow,2021,24200.8,6935.24
E09000016,Havering,2021,24913.2,6143.28
E09000017,Hillingdon,2021,29286.4,6500.0
E09000018,Hounslow,2021,33914.4,6531.72
E09000019,Islington,2021,39187.2,6687.720000000001
E09000020,Kensington and Chelsea,2021,28194.4,6696.56
E09000021,Kingston upon Thames,2021,29894.8,6774.56
E09000022,Lambeth,2021,30799.6,6228.56
E09000023,Lewisham,2021,27128.4,5769.92
E09000024,Merton,2021,29213.6,6091.28
E09000025,Newham,2021,32822.4,6298.24
E09000026,Redbridge,2021,21632.0,6513.0
E09000027,Richmond upon Thames,2021,27341.6,6425.12
E09000028,Southwark,2021,39691.6,6431.88
E09000029,Sutton,2021,27008.8,6182.8
E09000030,Tower Hamlets,2021,42426.8,6588.92
E09000031,Waltham Forest,2021,24913.2,6152.639999999999
E09000032,Wandsworth,2021,29894.8,6814.08
E09000033,Westminster,2021,40918.8,6914.44
E09000001,City of London,2022,55224.0,6793.8
E09000002,Barking and Dagenham,2022,27383.2,6228.04
E09000003,Barnet,2022,27227.2,6790.160000000001
E09000004,Bexley,2022,23966.8,5892.639999999999
E09000005,Brent,2022,37268.4,6733.4800000000005
E09000006,Bromley,2022,29827.2,6126.639999999999
E09000007,Camden,2022,39483.6,7117.76
E09000008,Croydon,2022,32115.2,6541.08
E09000009,Ealing,2022,29894.8,6821.360000000001
E09000010,Enfield,2022,27882.4,6502.08
E09000011,Greenwich,2022,29577.6,6361.68
E09000012,Hackney,2022,36504.0,6416.8
E09000013,Hammersmith and Fulham,2022,37866.4,6878.040000000001
E09000014,Haringey,2022,25734.8,6298.76
E09000015,Harrow,2022,25802.4,7024.160000000001
E09000016,Havering,2022,26145.6,6216.599999999999
E09000017,Hillingdon,2022,29603.6,6591.0
E09000018,Hounslow,2022,32520.8,6631.56
E09000019,Islington,2022,39774.8,6682.0
E09000020,Kensington and Chelsea,2022,31928.0,6784.44
E09000021,Kingston upon Thames,2022,30196.4,6881.160000000001
E09000022,Lambeth,2022,32203.6,6321.639999999999
E09000023,Lewisham,2022,32084.0,5860.92
E09000024,Merton,2022,25963.6,6180.2
E09000025,Newham,2022,33742.8,6371.04
E09000026,Redbridge,2022,22807.2,6594.639999999999
E09000027,Richmond upon Thames,2022,28683.2,6548.88
E09000028,Southwark,2022,39447.2,6527.04
E09000029,Sutton,2022,29894.8,6277.44
E09000030,Tower Hamlets,2022,49826.4,6692.4
E09000031,Waltham Forest,2022,24939.2,6222.32
E09000032,Wandsworth,2022,30300.4,6891.040000000001
E09000033,Westminster,2022,40461.2,7013.76
E09000001,City of London,2023,56310.8,7009.6
E09000002,Barking and Dagenham,2023,27393.6,6527.56
E09000003,Barnet,2023,29354.0,7088.639999999999
E09000004,Bexley,2023,29458.0,6152.12
E09000005,Brent,2023,28813.2,7003.360000000001
E09000006,Bromley,2023,28392.0,6354.92
E09000007,Camden,2023,39894.4,7419.360000000001
E09000008,Croydon,2023,34226.4,6814.08
E09000009,Ealing,2023,32916.0,7102.160000000001
E09000010,Enfield,2023,27934.4,6763.12
E09000011,Greenwich,2023,29395.6,6629.48
E09000012,Hackney,2023,40679.6,6685.639999999999
E09000013,Hammersmith and Fulham,2023,38641.2,7196.279999999999
E09000014,Haringey,2023,25417.6,6655.48
E09000015,Harrow,2023,27606.8,7336.160000000001
E09000016,Havering,2023,32614.4,6474.0
E09000017,Hillingdon,2023,31803.2,6865.56
E09000018,Hounslow,2023,34881.6,6901.44
E09000019,Islington,2023,42042.0,7078.76
E09000020,Kensington and Chelsea,2023,34122.4,7115.68
E09000021,Kingston upon Thames,2023,30596.8,7165.08
E09000022,Lambeth,2023,36758.8,6602.96
E09000023,Lewisham,2023,29894.8,6110.0
E09000024,Merton,2023,30940.0,6346.599999999999
E09000025,Newham,2023,35547.200000000004,6664.32
E09000026,Redbridge,2023,25199.2,6861.92
E09000027,Richmond upon Thames,2023,31891.6,6830.720000000001
E09000028,Southwark,2023,39962.0,6808.88
E09000029,Sutton,2023,31860.4,6528.599999999999
E09000030,Tower Hamlets,2023,51006.8,6987.24
E09000031,Waltham Forest,2023,29614.0,6506.24
E09000032,Wandsworth,2023,36873.2,7180.160000000001
E09000033,Westminster,2023,44844.8,7337.2
E09000001,City of London,2024,59488.0,
E09000002,Barking and Dagenham,2024,29770.0,
E09000003,Barnet,2024,29281.2,
E09000004,Bexley,2024,28152.8,
E09000005,Brent,2024,32115.2,
E09000006,Bromley,2024,36098.4,
E09000007,Camden,2024,44200.0,
E09000008,Croydon,2024,36758.8,
E09000009,Ealing,2024,34668.4,
E09000010,Enfield,2024,30565.6,
E09000011,Greenwich,2024,31808.4,
E09000012,Hackney,2024,41121.6,
E09000013,Hammersmith and Fulham,2024,39967.2,
E09000014,Haringey,2024,28626.0,
E09000015,Harrow,2024,30612.4,
E09000016,Havering,2024,32900.4,
E09000017,Hillingdon,2024,35843.6,
E09000018,Hounslow,2024,37117.6,
E09000019,Islington,2024,44569.2,
E09000020,Kensington and Chelsea,2024,36592.4,
E09000021,Kingston upon Thames,2024,33883.200000000004,
E09000022,Lambeth,2024,43352.4,
E09000023,Lewisham,2024,31730.4,
E09000024,Merton,2024,35906.0,
E09000025,Newham,2024,38552.8,
E09000026,Redbridge,2024,26967.2,
E09000027,Richmond upon Thames,2024,33924.8,
E09000028,Southwark,2024,43336.8,
E09000029,Sutton,2024,34985.6,
E09000030,Tower Hamlets,2024,56721.6,
E09000031,Waltham Forest,2024,31064.8,
E09000032,Wandsworth,2024,35880.0,
E09000033,Westminster,2024,45619.6,
